diameter,x_center,Re,Cd,blockage_ratio,flow_regime,U_inlet
0.099868,1.103366,9.99,1.53735,0.049934,0,
0.099868,1.315086,9.99,1.52938,0.049934,0,
0.099868,1.209432,9.99,1.49884,0.049934,0,
0.099868,1.420821,9.99,1.49569,0.049934,0,
0.099868,1.527817,9.99,1.52538,0.049934,0,
0.099868,1.000589,9.99,1.50819,0.049934,0,
0.099868,1.629998,9.99,1.52239,0.049934,0,
0.099868,2.053198,9.99,1.52123,0.049934,0,
0.099868,1.944981,9.99,1.49168,0.049934,0,
0.099868,2.156161,9.99,1.48454,0.049934,0,
0.099868,1.842592,9.99,1.51942,0.049934,0,
0.099868,1.736917,9.99,1.48661,0.049934,0,
0.099868,2.260869,9.99,1.48439,0.049934,0,
0.099868,2.370784,9.99,1.49004,0.049934,0,
0.099868,2.476135,9.99,1.48363,0.049934,0,
0.099868,2.683182,9.99,1.48884,0.049934,0,
0.099868,2.580571,9.99,1.4844,0.049934,0,
0.099868,2.787356,9.99,1.48459,0.049934,0,
0.099868,2.895706,9.99,1.48994,0.049934,0,
0.099868,2.999685,9.99,1.48562,0.049934,0,
0.121527,1.209432,12.15,1.46196,0.0607635,0,
0.121527,1.000589,12.15,1.45994,0.0607635,0,
0.121527,1.103366,12.15,1.47109,0.0607635,0,
0.121527,1.315086,12.15,1.46054,0.0607635,0,
0.121527,1.420821,12.15,1.45526,0.0607635,0,
0.121527,1.527817,12.15,1.45658,0.0607635,0,
0.121527,1.629998,12.15,1.44204,0.0607635,0,
0.121527,1.736917,12.15,1.43598,0.0607635,0,
0.121527,1.842592,12.15,1.43888,0.0607635,0,
0.121527,1.944981,12.15,1.43252,0.0607635,0,
0.121527,2.053198,12.15,1.45273,0.0607635,0,
0.121527,2.156161,12.15,1.436,0.0607635,0,
0.121527,2.370784,12.15,1.44871,0.0607635,0,
0.121527,2.260869,12.15,1.43123,0.0607635,0,
0.121527,2.476135,12.15,1.42938,0.0607635,0,
0.121527,2.580571,12.15,1.43692,0.0607635,0,
0.121527,2.683182,12.15,1.43159,0.0607635,0,
0.121527,2.787356,12.15,1.43358,0.0607635,0,
0.121527,2.895706,12.15,1.4306,0.0607635,0,
0.121527,2.999685,12.15,1.4341,0.0607635,0,
0.142349,1.000589,14.23,1.44011,0.0711745,0,
0.142349,1.103366,14.23,1.42257,0.0711745,0,
0.142349,1.209432,14.23,1.42048,0.0711745,0,
0.142349,1.527817,14.23,1.40829,0.0711745,0,
0.142349,1.315086,14.23,1.41543,0.0711745,0,
0.142349,1.420821,14.23,1.4141,0.0711745,0,
0.142349,1.629998,14.23,1.40244,0.0711745,0,
0.142349,1.736917,14.23,1.41407,0.0711745,0,
0.142349,1.842592,14.23,1.40105,0.0711745,0,
0.142349,2.053198,14.23,1.40212,0.0711745,0,
0.142349,2.156161,14.23,1.39681,0.0711745,0,
0.142349,1.944981,14.23,1.40983,0.0711745,0,
0.142349,2.260869,14.23,1.40612,0.0711745,0,
0.142349,2.370784,14.23,1.40687,0.0711745,0,
0.142349,2.476135,14.23,1.408,0.0711745,0,
0.142349,2.580571,14.23,1.39745,0.0711745,0,
0.142349,2.683182,14.23,1.40581,0.0711745,0,
0.142349,2.787356,14.23,1.40575,0.0711745,0,
0.142349,2.895706,14.23,1.408,0.0711745,0,
0.142349,2.999685,14.23,1.40632,0.0711745,0,
0.163262,1.000589,16.33,1.43363,0.081631,0,
0.163262,1.315086,16.33,1.39876,0.081631,0,
0.163262,1.209432,16.33,1.40868,0.081631,0,
0.163262,1.103366,16.33,1.41255,0.081631,0,
0.163262,1.420821,16.33,1.398,0.081631,0,
0.163262,1.527817,16.33,1.39402,0.081631,0,
0.163262,1.629998,16.33,1.38854,0.081631,0,
0.163262,1.736917,16.33,1.40285,0.081631,0,
0.163262,1.944981,16.33,1.39199,0.081631,0,
0.163262,1.842592,16.33,1.38594,0.081631,0,
0.163262,2.053198,16.33,1.38938,0.081631,0,
0.163262,2.156161,16.33,1.38519,0.081631,0,
0.163262,2.260869,16.33,1.40137,0.081631,0,
0.163262,2.370784,16.33,1.38984,0.081631,0,
0.163262,2.580571,16.33,1.38375,0.081631,0,
0.163262,2.683182,16.33,1.39147,0.081631,0,
0.163262,2.476135,16.33,1.39803,0.081631,0,
0.163262,2.787356,16.33,1.38988,0.081631,0,
0.163262,2.895706,16.33,1.38988,0.081631,0,
0.163262,2.999685,16.33,1.40097,0.081631,0,
0.183848,1.000589,18.38,1.41451,0.091924,0,
0.183848,1.315086,18.38,1.38833,0.091924,0,
0.183848,1.103366,18.38,1.40235,0.091924,0,
0.183848,1.209432,18.38,1.39791,0.091924,0,
0.183848,1.420821,18.38,1.38627,0.091924,0,
0.183848,1.527817,18.38,1.38278,0.091924,0,
0.183848,1.629998,18.38,1.3756,0.091924,0,
0.183848,1.842592,18.38,1.37257,0.091924,0,
0.183848,1.944981,18.38,1.37835,0.091924,0,
0.183848,1.736917,18.38,1.37902,0.091924,0,
0.183848,2.053198,18.38,1.37661,0.091924,0,
0.183848,2.156161,18.38,1.37675,0.091924,0,
0.183848,2.260869,18.38,1.38095,0.091924,0,
0.183848,2.370784,18.38,1.37723,0.091924,0,
0.183848,2.476135,18.38,1.37556,0.091924,0,
0.183848,2.580571,18.38,1.3765,0.091924,0,
0.183848,2.683182,18.38,1.37482,0.091924,0,
0.183848,2.787356,18.38,1.37566,0.091924,0,
0.183848,2.895706,18.38,1.3762,0.091924,0,
0.183848,2.999685,18.38,1.37666,0.091924,0,
0.204901,1.000589,20.49,1.40578,0.1024505,0,
0.204901,1.103366,20.49,1.39158,0.1024505,0,
0.204901,1.209432,20.49,1.38323,0.1024505,0,
0.204901,1.315086,20.49,1.37755,0.1024505,0,
0.204901,1.527817,20.49,1.36879,0.1024505,0,
0.204901,1.420821,20.49,1.37774,0.1024505,0,
0.204901,1.629998,20.49,1.3764,0.1024505,0,
0.204901,1.736917,20.49,1.36783,0.1024505,0,
0.204901,1.842592,20.49,1.37206,0.1024505,0,
0.204901,1.944981,20.49,1.36665,0.1024505,0,
0.204901,2.053198,20.49,1.362,0.1024505,0,
0.204901,2.156161,20.49,1.3658,0.1024505,0,
0.204901,2.260869,20.49,1.36216,0.1024505,0,
0.204901,2.370784,20.49,1.36787,0.1024505,0,
0.204901,2.476135,20.49,1.36372,0.1024505,0,
0.204901,2.580571,20.49,1.37097,0.1024505,0,
0.204901,2.683182,20.49,1.3663,0.1024505,0,
0.204901,2.787356,20.49,1.36417,0.1024505,0,
0.204901,2.895706,20.49,1.36646,0.1024505,0,
0.204901,2.999685,20.49,1.36423,0.1024505,0,
0.225851,1.000589,22.59,1.40355,0.1129255,0,
0.225851,1.103366,22.59,1.39022,0.1129255,0,
0.225851,1.315086,22.59,1.37481,0.1129255,0,
0.225851,1.209432,22.59,1.38032,0.1129255,0,
0.225851,1.420821,22.59,1.37283,0.1129255,0,
0.225851,1.527817,22.59,1.36703,0.1129255,0,
0.225851,1.629998,22.59,1.37047,0.1129255,0,
0.225851,1.736917,22.59,1.36411,0.1129255,0,
0.225851,1.944981,22.59,1.36195,0.1129255,0,
0.225851,1.842592,22.59,1.3693,0.1129255,0,
0.225851,2.053198,22.59,1.35926,0.1129255,0,
0.225851,2.156161,22.59,1.36433,0.1129255,0,
0.225851,2.260869,22.59,1.36024,0.1129255,0,
0.225851,2.370784,22.59,1.36206,0.1129255,0,
0.225851,2.476135,22.59,1.35844,0.1129255,0,
0.225851,2.580571,22.59,1.36654,0.1129255,0,
0.225851,2.683182,22.59,1.36343,0.1129255,0,
0.225851,2.787356,22.59,1.36002,0.1129255,0,
0.225851,2.895706,22.59,1.3624,0.1129255,0,
0.225851,2.999685,22.59,1.35847,0.1129255,0,
0.247754,1.103366,24.78,1.39335,0.123877,0,
0.247754,1.315086,24.78,1.37498,0.123877,0,
0.247754,1.000589,24.78,1.40637,0.123877,0,
0.247754,1.209432,24.78,1.38351,0.123877,0,
0.247754,1.420821,24.78,1.37183,0.123877,0,
0.247754,1.527817,24.78,1.36589,0.123877,0,
0.247754,1.842592,24.78,1.36935,0.123877,0,
0.247754,1.736917,24.78,1.36312,0.123877,0,
0.247754,1.944981,24.78,1.36257,0.123877,0,
0.247754,1.629998,24.78,1.37269,0.123877,0,
0.247754,2.053198,24.78,1.35986,0.123877,0,
0.247754,2.156161,24.78,1.36691,0.123877,0,
0.247754,2.370784,24.78,1.36008,0.123877,0,
0.247754,2.260869,24.78,1.3607,0.123877,0,
0.247754,2.476135,24.78,1.35592,0.123877,0,
0.247754,2.580571,24.78,1.36597,0.123877,0,
0.247754,2.683182,24.78,1.35909,0.123877,0,
0.247754,2.787356,24.78,1.35733,0.123877,0,
0.247754,2.895706,24.78,1.3608,0.123877,0,
0.247754,2.999685,24.78,1.35722,0.123877,0,
0.268527,1.103366,26.85,1.40092,0.1342635,0,
0.268527,1.000589,26.85,1.41321,0.1342635,0,
0.268527,1.209432,26.85,1.38846,0.1342635,0,
0.268527,1.315086,26.85,1.38037,0.1342635,0,
0.268527,1.527817,26.85,1.37178,0.1342635,0,
0.268527,1.420821,26.85,1.37143,0.1342635,0,
0.268527,1.629998,26.85,1.36861,0.1342635,0,
0.268527,1.736917,26.85,1.36468,0.1342635,0,
0.268527,1.842592,26.85,1.36513,0.1342635,0,
0.268527,1.944981,26.85,1.35904,0.1342635,0,
0.268527,2.053198,26.85,1.36443,0.1342635,0,
0.268527,2.156161,26.85,1.35843,0.1342635,0,
0.268527,2.260869,26.85,1.36123,0.1342635,0,
0.268527,2.370784,26.85,1.35886,0.1342635,0,
0.268527,2.476135,26.85,1.35971,0.1342635,0,
0.268527,2.580571,26.85,1.36178,0.1342635,0,
0.268527,2.683182,26.85,1.35826,0.1342635,0,
0.268527,2.787356,26.85,1.36007,0.1342635,0,
0.268527,2.895706,26.85,1.3579,0.1342635,0,
0.268527,2.999685,26.85,1.36076,0.1342635,0,
0.289693,1.000589,28.97,1.43804,0.1448465,0,
0.289693,1.103366,28.97,1.41449,0.1448465,0,
0.289693,1.209432,28.97,1.4062,0.1448465,0,
0.289693,1.315086,28.97,1.39484,0.1448465,0,
0.289693,1.420821,28.97,1.38483,0.1448465,0,
0.289693,1.527817,28.97,1.38347,0.1448465,0,
0.289693,1.629998,28.97,1.37556,0.1448465,0,
0.289693,1.736917,28.97,1.38215,0.1448465,0,
0.289693,1.842592,28.97,1.3697,0.1448465,0,
0.289693,1.944981,28.97,1.3712,0.1448465,0,
0.289693,2.053198,28.97,1.37531,0.1448465,0,
0.289693,2.156161,28.97,1.37028,0.1448465,0,
0.289693,2.260869,28.97,1.37817,0.1448465,0,
0.289693,2.370784,28.97,1.3712,0.1448465,0,
0.289693,2.683182,28.97,1.37041,0.1448465,0,
0.289693,2.580571,28.97,1.36824,0.1448465,0,
0.289693,2.476135,28.97,1.37716,0.1448465,0,
0.289693,2.787356,28.97,1.37953,0.1448465,0,
0.289693,2.895706,28.97,1.36891,0.1448465,0,
0.289693,2.999685,28.97,1.3789,0.1448465,0,
0.310022,1.209432,31.0,1.41405,0.155011,0,
0.310022,1.103366,31.0,1.4277,0.155011,0,
0.310022,1.000589,31.0,1.45097,0.155011,0,
0.310022,1.315086,31.0,1.40474,0.155011,0,
0.310022,1.527817,31.0,1.39458,0.155011,0,
0.310022,1.420821,31.0,1.39944,0.155011,0,
0.310022,1.842592,31.0,1.3923,0.155011,0,
0.310022,1.629998,31.0,1.39546,0.155011,0,
0.310022,1.736917,31.0,1.39344,0.155011,0,
0.310022,1.944981,31.0,1.38835,0.155011,0,
0.310022,2.156161,31.0,1.38203,0.155011,0,
0.310022,2.053198,31.0,1.38538,0.155011,0,
0.310022,2.260869,31.0,1.38768,0.155011,0,
0.310022,2.476135,31.0,1.38514,0.155011,0,
0.310022,2.370784,31.0,1.38488,0.155011,0,
0.310022,2.580571,31.0,1.38811,0.155011,0,
0.310022,2.683182,31.0,1.38565,0.155011,0,
0.310022,2.787356,31.0,1.38798,0.155011,0,
0.310022,2.999685,31.0,1.38804,0.155011,0,
0.332074,1.000589,33.21,1.46922,0.166037,0,
0.310022,2.895706,31.0,1.38519,0.155011,0,
0.332074,1.103366,33.21,1.44848,0.166037,0,
0.332074,1.315086,33.21,1.42586,0.166037,0,
0.332074,1.209432,33.21,1.43522,0.166037,0,
0.332074,1.629998,33.21,1.40659,0.166037,0,
0.332074,1.527817,33.21,1.41118,0.166037,0,
0.332074,1.420821,33.21,1.41447,0.166037,0,
0.332074,1.736917,33.21,1.40542,0.166037,0,
0.332074,1.842592,33.21,1.40151,0.166037,0,
0.332074,1.944981,33.21,1.39969,0.166037,0,
0.332074,2.053198,33.21,1.40265,0.166037,0,
0.332074,2.156161,33.21,1.40056,0.166037,0,
0.332074,2.260869,33.21,1.40225,0.166037,0,
0.332074,2.370784,33.21,1.39879,0.166037,0,
0.332074,2.476135,33.21,1.40464,0.166037,0,
0.332074,2.580571,33.21,1.39807,0.166037,0,
0.332074,2.683182,33.21,1.39724,0.166037,0,
0.332074,2.787356,33.21,1.40015,0.166037,0,
0.332074,2.895706,33.21,1.39801,0.166037,0,
0.332074,2.999685,33.21,1.40018,0.166037,0,
0.352982,1.000589,35.3,1.49283,0.176491,0,
0.352982,1.103366,35.3,1.46612,0.176491,0,
0.352982,1.209432,35.3,1.45193,0.176491,0,
0.352982,1.315086,35.3,1.44121,0.176491,0,
0.352982,1.420821,35.3,1.4331,0.176491,0,
0.352982,1.527817,35.3,1.42888,0.176491,0,
0.352982,1.629998,35.3,1.42551,0.176491,0,
0.352982,1.736917,35.3,1.42037,0.176491,0,
0.352982,1.842592,35.3,1.42079,0.176491,0,
0.352982,1.944981,35.3,1.4195,0.176491,0,
0.352982,2.053198,35.3,1.41725,0.176491,0,
0.352982,2.156161,35.3,1.41767,0.176491,0,
0.352982,2.260869,35.3,1.41771,0.176491,0,
0.352982,2.370784,35.3,1.41636,0.176491,0,
0.352982,2.476135,35.3,1.41964,0.176491,0,
0.352982,2.580571,35.3,1.41524,0.176491,0,
0.352982,2.683182,35.3,1.41548,0.176491,0,
0.352982,2.787356,35.3,1.41225,0.176491,0,
0.352982,2.895706,35.3,1.41545,0.176491,0,
0.352982,2.999685,35.3,1.41635,0.176491,0,
0.373381,1.000589,37.34,1.50453,0.1866905,0,
0.373381,1.103366,37.34,1.48287,0.1866905,0,
0.373381,1.209432,37.34,1.46692,0.1866905,0,
0.373381,1.315086,37.34,1.45376,0.1866905,0,
0.373381,1.420821,37.34,1.45002,0.1866905,0,
0.373381,1.527817,37.34,1.4423,0.1866905,0,
0.373381,1.629998,37.34,1.43837,0.1866905,0,
0.373381,1.842592,37.34,1.43449,0.1866905,0,
0.373381,1.736917,37.34,1.43748,0.1866905,0,
0.373381,1.944981,37.34,1.43618,0.1866905,0,
0.373381,2.053198,37.34,1.4311,0.1866905,0,
0.373381,2.156161,37.34,1.43273,0.1866905,0,
0.373381,2.260869,37.34,1.42972,0.1866905,0,
0.373381,2.370784,37.34,1.43225,0.1866905,0,
0.373381,2.580571,37.34,1.43308,0.1866905,0,
0.373381,2.476135,37.34,1.42837,0.1866905,0,
0.373381,2.683182,37.34,1.43273,0.1866905,0,
0.373381,2.787356,37.34,1.42841,0.1866905,0,
0.373381,2.895706,37.34,1.43261,0.1866905,0,
0.373381,2.999685,37.34,1.42856,0.1866905,0,
0.394402,1.000589,39.44,1.53746,0.197201,0,
0.394402,1.103366,39.44,1.51062,0.197201,0,
0.394402,1.209432,39.44,1.4901,0.197201,0,
0.394402,1.315086,39.44,1.47971,0.197201,0,
0.394402,1.420821,39.44,1.47157,0.197201,0,
0.394402,1.527817,39.44,1.46585,0.197201,0,
0.394402,1.629998,39.44,1.46669,0.197201,0,
0.394402,1.736917,39.44,1.4588,0.197201,0,
0.394402,1.842592,39.44,1.46214,0.197201,0,
0.394402,1.944981,39.44,1.46033,0.197201,0,
0.394402,2.053198,39.44,1.45543,0.197201,0,
0.394402,2.156161,39.44,1.45944,0.197201,0,
0.394402,2.370784,39.44,1.45271,0.197201,0,
0.394402,2.260869,39.44,1.45112,0.197201,0,
0.394402,2.476135,39.44,1.45279,0.197201,0,
0.394402,2.580571,39.44,1.45861,0.197201,0,
0.394402,2.683182,39.44,1.45433,0.197201,0,
0.394402,2.787356,39.44,1.45235,0.197201,0,
0.394402,2.999685,39.44,1.45109,0.197201,0,
0.394402,2.895706,39.44,1.4532,0.197201,0,
0.415456,1.000589,41.55,1.57266,0.207728,0,
0.415456,1.103366,41.55,1.54825,0.207728,0,
0.415456,1.209432,41.55,1.52389,0.207728,0,
0.415456,1.315086,41.55,1.51462,0.207728,0,
0.415456,1.420821,41.55,1.50412,0.207728,0,
0.415456,1.527817,41.55,1.49759,0.207728,0,
0.415456,1.629998,41.55,1.49747,0.207728,0,
0.415456,1.736917,41.55,1.48936,0.207728,0,
0.415456,1.842592,41.55,1.49168,0.207728,0,
0.415456,1.944981,41.55,1.48542,0.207728,0,
0.415456,2.156161,41.55,1.48808,0.207728,0,
0.415456,2.053198,41.55,1.48579,0.207728,0,
0.415456,2.260869,41.55,1.48424,0.207728,0,
0.415456,2.370784,41.55,1.48395,0.207728,0,
0.415456,2.476135,41.55,1.48227,0.207728,0,
0.415456,2.580571,41.55,1.48436,0.207728,0,
0.415456,2.787356,41.55,1.48236,0.207728,0,
0.415456,2.683182,41.55,1.48084,0.207728,0,
0.415456,2.895706,41.55,1.48193,0.207728,0,
0.415456,2.999685,41.55,1.48406,0.207728,0,
0.436636,1.000589,43.66,1.60918,0.218318,0,
0.436636,1.315086,43.66,1.5439,0.218318,0,
0.436636,1.209432,43.66,1.55655,0.218318,0,
0.436636,1.103366,43.66,1.5791,0.218318,0,
0.436636,1.420821,43.66,1.53003,0.218318,0,
0.436636,1.527817,43.66,1.52758,0.218318,0,
0.436636,1.629998,43.66,1.52287,0.218318,0,
0.436636,1.736917,43.66,1.52131,0.218318,0,
0.436636,1.842592,43.66,1.51798,0.218318,0,
0.436636,1.944981,43.66,1.51155,0.218318,0,
0.436636,2.053198,43.66,1.51516,0.218318,0,
0.436636,2.156161,43.66,1.51152,0.218318,0,
0.436636,2.260869,43.66,1.512,0.218318,0,
0.436636,2.476135,43.66,1.51211,0.218318,0,
0.436636,2.370784,43.66,1.50865,0.218318,0,
0.436636,2.580571,43.66,1.50993,0.218318,0,
0.436636,2.787356,43.66,1.5139,0.218318,0,
0.436636,2.683182,43.66,1.50776,0.218318,0,
0.436636,2.895706,43.66,1.50742,0.218318,0,
0.436636,2.999685,43.66,1.51232,0.218318,0,
0.457921,1.000589,45.79,1.64369,0.2289605,0,
0.457921,1.103366,45.79,1.60861,0.2289605,0,
0.457921,1.209432,45.79,1.58983,0.2289605,0,
0.457921,1.315086,45.79,1.57261,0.2289605,0,
0.457921,1.420821,45.79,1.55844,0.2289605,0,
0.457921,1.527817,45.79,1.55559,0.2289605,0,
0.457921,1.736917,45.79,1.54912,0.2289605,0,
0.457921,1.629998,45.79,1.54795,0.2289605,0,
0.457921,1.842592,45.79,1.54155,0.2289605,0,
0.457921,1.944981,45.79,1.53975,0.2289605,0,
0.457921,2.053198,45.79,1.54124,0.2289605,0,
0.457921,2.260869,45.79,1.54139,0.2289605,0,
0.457921,2.156161,45.79,1.53731,0.2289605,0,
0.457921,2.370784,45.79,1.53578,0.2289605,0,
0.457921,2.476135,45.79,1.54173,0.2289605,0,
0.457921,2.580571,45.79,1.53666,0.2289605,0,
0.457921,2.683182,45.79,1.5352,0.2289605,0,
0.457921,2.787356,45.79,1.54094,0.2289605,0,
0.457921,2.895706,45.79,1.53406,0.2289605,0,
0.457921,2.999685,45.79,1.542,0.2289605,0,
0.478876,1.103366,47.89,1.63702,0.239438,0,
0.478876,1.000589,47.89,1.67361,0.239438,0,
0.478876,1.209432,47.89,1.61964,0.239438,0,
0.478876,1.315086,47.89,1.59848,0.239438,0,
0.478876,1.420821,47.89,1.59071,0.239438,0,
0.478876,1.527817,47.89,1.57894,0.239438,0,
0.478876,1.629998,47.89,1.57595,0.239438,0,
0.478876,1.736917,47.89,1.57477,0.239438,0,
0.478876,1.842592,47.89,1.56912,0.239438,0,
0.478876,1.944981,47.89,1.5706,0.239438,0,
0.478876,2.053198,47.89,1.56647,0.239438,0,
0.478876,2.156161,47.89,1.56692,0.239438,0,
0.478876,2.260869,47.89,1.56929,0.239438,0,
0.478876,2.370784,47.89,1.56684,0.239438,0,
0.478876,2.580571,47.89,1.56413,0.239438,0,
0.478876,2.476135,47.89,1.56266,0.239438,0,
0.478876,2.683182,47.89,1.566,0.239438,0,
0.478876,2.787356,47.89,1.56593,0.239438,0,
0.478876,2.895706,47.89,1.56604,0.239438,0,
0.478876,2.999685,47.89,1.5663,0.239438,0,
0.49978,1.209432,49.98,1.6549,0.24989,0,
0.49978,1.000589,49.98,1.71646,0.24989,0,
0.49978,1.103366,49.98,1.68017,0.24989,0,
0.49978,1.315086,49.98,1.63963,0.24989,0,
0.49978,1.420821,49.98,1.62905,0.24989,0,
0.49978,1.527817,49.98,1.62019,0.24989,0,
0.49978,1.629998,49.98,1.61679,0.24989,0,
0.49978,1.842592,49.98,1.6095,0.24989,0,
0.49978,1.736917,49.98,1.61031,0.24989,0,
0.49978,1.944981,49.98,1.60706,0.24989,0,
0.49978,2.156161,49.98,1.60355,0.24989,0,
0.49978,2.053198,49.98,1.60474,0.24989,0,
0.49978,2.260869,49.98,1.60202,0.24989,0,
0.49978,2.370784,49.98,1.60378,0.24989,0,
0.49978,2.476135,49.98,1.60547,0.24989,0,
0.49978,2.580571,49.98,1.60402,0.24989,0,
0.49978,2.683182,49.98,1.6036,0.24989,0,
0.49978,2.787356,49.98,1.60034,0.24989,0,
0.49978,2.895706,49.98,1.60209,0.24989,0,
0.49978,2.999685,49.98,1.60028,0.24989,0,
0.05,1.0,33333.333333333336,0.8931408,0.025,1,10.0
0.05,1.0,41666.66666666666,0.901136384,0.025,1,12.5
0.05,1.0,50000.0,0.9011345777777778,0.025,1,15.0
0.05,1.0,58333.33333333333,0.9024663510204082,0.025,1,17.5
0.05,1.0,66666.66666666667,0.9047458,0.025,1,20.0
0.05,1.0,16666.666666666668,0.91072352,0.025,1,5.0
0.05,1.0,25000.0,0.89073664,0.025,1,7.5
0.05,1.332,33333.333333333336,0.9097208,0.025,1,10.0
0.05,1.332,41666.66666666666,0.917794816,0.025,1,12.5
0.05,1.332,50000.0,0.9177560888888888,0.025,1,15.0
0.05,1.332,58333.33333333333,0.9190713469387756,0.025,1,17.5
0.05,1.332,66666.66666666667,0.9213608,0.025,1,20.0
0.05,1.332,16666.666666666668,0.92805504,0.025,1,5.0
0.05,1.332,25000.0,0.9074194488888888,0.025,1,7.5
0.05,1.664,33333.333333333336,0.919772,0.025,1,10.0
0.05,1.664,41666.66666666666,0.92797952,0.025,1,12.5
0.05,1.664,50000.0,0.9279740444444444,0.025,1,15.0
0.05,1.664,58333.33333333333,0.9293257142857144,0.025,1,17.5
0.05,1.664,66666.66666666667,0.9316498,0.025,1,20.0
0.05,1.664,16666.666666666668,0.9375904,0.025,1,5.0
0.05,1.664,25000.0,0.9168456533333332,0.025,1,7.5
0.05,2.004,33333.333333333336,0.9002424,0.025,1,10.0
0.05,2.004,41666.66666666666,0.908288512,0.025,1,12.5
0.05,2.004,50000.0,0.9082862222222222,0.025,1,15.0
0.05,2.004,58333.33333333333,0.9096108408163266,0.025,1,17.5
0.05,2.004,66666.66666666667,0.9118882,0.025,1,20.0
0.05,2.004,16666.666666666668,0.91717216,0.025,1,5.0
0.05,2.004,25000.0,0.8980279466666666,0.025,1,7.5
0.05,2.332,33333.333333333336,0.9130112,0.025,1,10.0
0.05,2.332,41666.66666666666,0.921073664,0.025,1,12.5
0.05,2.332,50000.0,0.9210094222222224,0.025,1,15.0
0.05,2.332,58333.33333333333,0.9223100081632652,0.025,1,17.5
0.05,2.332,66666.66666666667,0.924583,0.025,1,20.0
0.05,2.332,16666.666666666668,0.93033504,0.025,1,5.0
0.05,2.332,25000.0,0.9109084444444444,0.025,1,7.5
0.05,2.659,33333.333333333336,0.9463368,0.025,1,10.0
0.05,2.659,41666.66666666666,0.95478272,0.025,1,12.5
0.05,2.659,50000.0,0.9547808,0.025,1,15.0
0.05,2.659,58333.33333333333,0.9561850775510204,0.025,1,17.5
0.05,2.659,66666.66666666667,0.9585768,0.025,1,20.0
0.05,2.659,16666.666666666668,0.96443424,0.025,1,5.0
0.05,2.659,25000.0,0.9435754666666666,0.025,1,7.5
0.05,2.998,33333.333333333336,0.8812424,0.025,1,10.0
0.05,2.998,41666.66666666666,0.889061888,0.025,1,12.5
0.05,2.998,50000.0,0.889013688888889,0.025,1,15.0
0.05,2.998,58333.33333333333,0.8902786612244897,0.025,1,17.5
0.05,2.998,66666.66666666667,0.8924836,0.025,1,20.0
0.05,2.998,16666.666666666668,0.89748704,0.025,1,5.0
0.05,2.998,25000.0,0.8788569599999999,0.025,1,7.5
0.099,1.0,66000.0,0.8757381818181817,0.0495,1,10.0
0.099,1.0,82500.0,0.8836688161616162,0.0495,1,12.5
0.099,1.0,99000.0,0.8837448260381593,0.0495,1,15.0
0.099,1.0,115500.0,0.8850986270871984,0.0495,1,17.5
0.099,1.0,132000.0,0.8873672727272727,0.0495,1,20.0
0.099,1.0,33000.0,0.8925386666666666,0.0495,1,5.0
0.099,1.0,49500.0,0.8732588103254769,0.0495,1,7.5
0.099,1.332,66000.0,0.858410101010101,0.0495,1,10.0
0.099,1.332,82500.0,0.8662184080808081,0.0495,1,12.5
0.099,1.332,99000.0,0.866311290684624,0.0495,1,15.0
0.099,1.332,115500.0,0.8676500185528756,0.0495,1,17.5
0.099,1.332,132000.0,0.8698824242424242,0.0495,1,20.0
0.099,1.332,33000.0,0.8745724444444444,0.0495,1,5.0
0.099,1.332,49500.0,0.8559069809203143,0.0495,1,7.5
0.099,1.664,66000.0,0.8341482828282828,0.0495,1,10.0
0.099,1.664,82500.0,0.8417794585858586,0.0495,1,12.5
0.099,1.664,99000.0,0.8419002469135801,0.0495,1,15.0
0.099,1.664,115500.0,0.8432330488559059,0.0495,1,17.5
0.099,1.664,132000.0,0.8454237373737373,0.0495,1,20.0
0.099,1.664,33000.0,0.8495267878787878,0.0495,1,5.0
0.099,1.664,49500.0,0.8316458810325477,0.0495,1,7.5
0.099,2.004,66000.0,0.8500541414141414,0.0495,1,10.0
0.099,2.004,82500.0,0.8577978181818181,0.0495,1,12.5
0.099,2.004,99000.0,0.8579000673400673,0.0495,1,15.0
0.099,2.004,115500.0,0.8592335765821479,0.0495,1,17.5
0.099,2.004,132000.0,0.861450101010101,0.0495,1,20.0
0.099,2.004,33000.0,0.8661016565656566,0.0495,1,5.0
0.099,2.004,49500.0,0.8475474747474747,0.0495,1,7.5
0.099,2.332,66000.0,0.8413402020202021,0.0495,1,10.0
0.099,2.332,82500.0,0.8490087434343434,0.0495,1,12.5
0.099,2.332,99000.0,0.8491052749719417,0.0495,1,15.0
0.099,2.332,115500.0,0.8504305751391465,0.0495,1,17.5
0.099,2.332,132000.0,0.8526323232323232,0.0495,1,20.0
0.099,2.332,33000.0,0.8567848080808081,0.0495,1,5.0
0.099,2.332,49500.0,0.8387979349046015,0.0495,1,7.5
0.099,2.659,66000.0,0.8412824242424243,0.0495,1,10.0
0.099,2.659,82500.0,0.8489991757575758,0.0495,1,12.5
0.099,2.659,99000.0,0.8491331088664421,0.0495,1,15.0
0.099,2.659,115500.0,0.8504834796949082,0.0495,1,17.5
0.099,2.659,132000.0,0.8526987878787878,0.0495,1,20.0
0.099,2.659,33000.0,0.8570008888888889,0.0495,1,5.0
0.099,2.659,49500.0,0.8387375982042649,0.0495,1,7.5
0.099,2.998,66000.0,0.856629898989899,0.0495,1,10.0
0.099,2.998,82500.0,0.8644569212121213,0.0495,1,12.5
0.099,2.998,99000.0,0.8645728395061727,0.0495,1,15.0
0.099,2.998,115500.0,0.8659374149659863,0.0495,1,17.5
0.099,2.998,132000.0,0.8681944444444444,0.0495,1,20.0
0.099,2.998,33000.0,0.8723432727272726,0.0495,1,5.0
0.099,2.998,49500.0,0.8540832323232322,0.0495,1,7.5
0.149,1.0,99333.33333333331,0.9280692617449664,0.0745,1,10.0
0.149,1.0,124166.66666666666,0.9369749476510068,0.0745,1,12.5
0.149,1.0,149000.0,0.938016644295302,0.0745,1,15.0
0.149,1.0,173833.3333333333,0.9399575948500206,0.0745,1,17.5
0.149,1.0,198666.66666666663,0.9422946308724832,0.0745,1,20.0
0.149,1.0,49666.66666666666,0.9412789261744968,0.0745,1,5.0
0.149,1.0,74500.0,0.9227602087994036,0.0745,1,7.5
0.149,1.332,99333.33333333331,0.9298056375838928,0.0745,1,10.0
0.149,1.332,124166.66666666666,0.9354798389261746,0.0745,1,12.5
0.149,1.332,149000.0,0.933778374347502,0.0745,1,15.0
0.149,1.332,173833.3333333333,0.938271907957814,0.0745,1,17.5
0.149,1.332,198666.66666666663,0.9383080536912752,0.0745,1,20.0
0.149,1.332,49666.66666666666,0.947893046979866,0.0745,1,5.0
0.149,1.332,74500.0,0.9268879940343028,0.0745,1,7.5
0.149,1.664,99333.33333333331,0.9272397315436244,0.0745,1,10.0
0.149,1.664,124166.66666666666,0.934029744966443,0.0745,1,12.5
0.149,1.664,149000.0,0.9330926771066368,0.0745,1,15.0
0.149,1.664,173833.3333333333,0.9332911108067388,0.0745,1,17.5
0.149,1.664,198666.66666666663,0.9350046979865774,0.0745,1,20.0
0.149,1.664,49666.66666666666,0.946533154362416,0.0745,1,5.0
0.149,1.664,74500.0,0.9271037136465324,0.0745,1,7.5
0.149,2.004,99333.33333333331,0.9176461744966444,0.0745,1,10.0
0.149,2.004,124166.66666666666,0.924999989261745,0.0745,1,12.5
0.149,2.004,149000.0,0.9232912751677852,0.0745,1,15.0
0.149,2.004,173833.3333333333,0.9223170524585672,0.0745,1,17.5
0.149,2.004,198666.66666666663,0.925358389261745,0.0745,1,20.0
0.149,2.004,49666.66666666666,0.9236524026845638,0.0745,1,5.0
0.149,2.004,74500.0,0.9152768381804623,0.0745,1,7.5
0.149,2.332,99333.33333333331,0.9226429530201344,0.0745,1,10.0
0.149,2.332,124166.66666666666,0.9293318872483222,0.0745,1,12.5
0.149,2.332,149000.0,0.9288981953765848,0.0745,1,15.0
0.149,2.332,173833.3333333333,0.9289502259964388,0.0745,1,17.5
0.149,2.332,198666.66666666663,0.9305429530201343,0.0745,1,20.0
0.149,2.332,49666.66666666666,0.9374504161073826,0.0745,1,5.0
0.149,2.332,74500.0,0.920291364653244,0.0745,1,7.5
0.149,2.659,99333.33333333331,0.929813422818792,0.0745,1,10.0
0.149,2.659,124166.66666666666,0.931839312751678,0.0745,1,12.5
0.149,2.659,149000.0,0.9304649067859808,0.0745,1,15.0
0.149,2.659,173833.3333333333,0.9274600191754554,0.0745,1,17.5
0.149,2.659,198666.66666666663,0.9377657718120804,0.0745,1,20.0
0.149,2.659,49666.66666666666,0.9435719731543624,0.0745,1,5.0
0.149,2.659,74500.0,0.919635615212528,0.0745,1,7.5
0.149,2.998,99333.33333333331,0.9093616107382552,0.0745,1,10.0
0.149,2.998,124166.66666666666,0.9181594630872484,0.0745,1,12.5
0.149,2.998,149000.0,0.9182689932885906,0.0745,1,15.0
0.149,2.998,173833.3333333333,0.9188702917408574,0.0745,1,17.5
0.149,2.998,198666.66666666663,0.9205489932885906,0.0745,1,20.0
0.149,2.998,49666.66666666666,0.9282128322147652,0.0745,1,5.0
0.149,2.998,74500.0,0.9078932140193886,0.0745,1,7.5
0.2,1.0,133333.33333333334,1.015145,0.1,1,10.0
0.2,1.0,166666.66666666666,1.025180032,0.1,1,12.5
0.2,1.0,200000.0,1.023975111111111,0.1,1,15.0
0.2,1.0,233333.3333333333,1.0245844897959184,0.1,1,17.5
0.2,1.0,266666.6666666667,1.0268735,0.1,1,20.0
0.2,1.0,66666.66666666667,1.028368,0.1,1,5.0
0.2,1.0,100000.0,1.009760711111111,0.1,1,7.5
0.2,1.332,133333.33333333334,0.984875,0.1,1,10.0
0.2,1.332,166666.66666666666,0.986125312,0.1,1,12.5
0.2,1.332,200000.0,0.9942435555555555,0.1,1,15.0
0.2,1.332,233333.3333333333,0.9945325714285714,0.1,1,17.5
0.2,1.332,266666.6666666667,0.9941265,0.1,1,20.0
0.2,1.332,66666.66666666667,0.9973048,0.1,1,5.0
0.2,1.332,100000.0,0.9756753777777778,0.1,1,7.5
0.2,1.664,133333.33333333334,0.97983,0.1,1,10.0
0.2,1.664,166666.66666666666,0.987942528,0.1,1,12.5
0.2,1.664,200000.0,0.9876115555555556,0.1,1,15.0
0.2,1.664,233333.3333333333,0.9886661224489796,0.1,1,17.5
0.2,1.664,266666.6666666667,0.990494,0.1,1,20.0
0.2,1.664,66666.66666666667,1.0011896,0.1,1,5.0
0.2,1.664,100000.0,0.9780792888888888,0.1,1,7.5
0.2,2.004,133333.33333333334,0.9682868,0.1,1,10.0
0.2,2.004,166666.66666666666,0.978309632,0.1,1,12.5
0.2,2.004,200000.0,0.9787048888888888,0.1,1,15.0
0.2,2.004,233333.3333333333,0.9792672653061224,0.1,1,17.5
0.2,2.004,266666.6666666667,0.980673,0.1,1,20.0
0.2,2.004,66666.66666666667,0.9829512,0.1,1,5.0
0.2,2.004,100000.0,0.9645525333333336,0.1,1,7.5
0.2,2.332,133333.33333333334,0.9719196,0.1,1,10.0
0.2,2.332,166666.66666666666,0.98332288,0.1,1,12.5
0.2,2.332,200000.0,0.9832177777777776,0.1,1,15.0
0.2,2.332,233333.3333333333,0.9824404897959184,0.1,1,17.5
0.2,2.332,266666.6666666667,0.9856255,0.1,1,20.0
0.2,2.332,66666.66666666667,0.9906768,0.1,1,5.0
0.2,2.332,100000.0,0.9695306666666668,0.1,1,7.5
0.2,2.659,133333.33333333334,0.9703384,0.1,1,10.0
0.2,2.659,166666.66666666666,0.977764736,0.1,1,12.5
0.2,2.659,200000.0,0.9764915555555556,0.1,1,15.0
0.2,2.659,233333.3333333333,0.9778233469387756,0.1,1,17.5
0.2,2.659,266666.6666666667,0.9802085,0.1,1,20.0
0.2,2.659,66666.66666666667,0.9870392,0.1,1,5.0
0.2,2.659,100000.0,0.9683459555555556,0.1,1,7.5
0.2,2.998,133333.33333333334,0.9766756,0.1,1,10.0
0.2,2.998,166666.66666666666,0.98532032,0.1,1,12.5
0.2,2.998,200000.0,0.9862328888888888,0.1,1,15.0
0.2,2.998,233333.3333333333,0.9887568979591836,0.1,1,17.5
0.2,2.998,266666.6666666667,0.989964,0.1,1,20.0
0.2,2.998,66666.66666666667,0.9929696,0.1,1,5.0
0.2,2.998,100000.0,0.9804920888888888,0.1,1,7.5
0.251,1.0,167333.3333333333,1.084776573705179,0.1255,1,10.0
0.251,1.0,209166.6666666667,1.091046501992032,0.1255,1,12.5
0.251,1.0,251000.0,1.0904308100929614,0.1255,1,15.0
0.251,1.0,292833.3333333333,1.0906075615903732,0.1255,1,17.5
0.251,1.0,334666.6666666666,1.0929745019920318,0.1255,1,20.0
0.251,1.0,83666.66666666666,1.112300876494024,0.1255,1,5.0
0.251,1.0,125500.0,1.0851997521027004,0.1255,1,7.5
0.251,1.332,167333.3333333333,1.071853705179283,0.1255,1,10.0
0.251,1.332,209166.6666666667,1.0817529880478087,0.1255,1,12.5
0.251,1.332,251000.0,1.0793958388667553,0.1255,1,15.0
0.251,1.332,292833.3333333333,1.0750886413529557,0.1255,1,17.5
0.251,1.332,334666.6666666666,1.075991235059761,0.1255,1,20.0
0.251,1.332,83666.66666666666,1.0989450199203186,0.1255,1,5.0
0.251,1.332,125500.0,1.0708440903054448,0.1255,1,7.5
0.251,1.664,167333.3333333333,1.0390156175298804,0.1255,1,10.0
0.251,1.664,209166.6666666667,1.0527954103585655,0.1255,1,12.5
0.251,1.664,251000.0,1.0561034085878709,0.1255,1,15.0
0.251,1.664,292833.3333333333,1.0611511179770712,0.1255,1,17.5
0.251,1.664,334666.6666666666,1.065466533864542,0.1255,1,20.0
0.251,1.664,83666.66666666666,1.0746849402390437,0.1255,1,5.0
0.251,1.664,125500.0,1.033984736609119,0.1255,1,7.5
0.251,2.004,167333.3333333333,1.0633365737051792,0.1255,1,10.0
0.251,2.004,209166.6666666667,1.0683155378486056,0.1255,1,12.5
0.251,2.004,251000.0,1.061979991146525,0.1255,1,15.0
0.251,2.004,292833.3333333333,1.059248654362143,0.1255,1,17.5
0.251,2.004,334666.6666666666,1.0616147410358563,0.1255,1,20.0
0.251,2.004,83666.66666666666,1.0808656573705178,0.1255,1,5.0
0.251,2.004,125500.0,1.0662232846392208,0.1255,1,7.5
0.251,2.332,167333.3333333333,1.0603619123505976,0.1255,1,10.0
0.251,2.332,209166.6666666667,1.069705689243028,0.1255,1,12.5
0.251,2.332,251000.0,1.0706996015936254,0.1255,1,15.0
0.251,2.332,292833.3333333333,1.0727511505000404,0.1255,1,17.5
0.251,2.332,334666.6666666666,1.0753641434262948,0.1255,1,20.0
0.251,2.332,83666.66666666666,1.0789564940239045,0.1255,1,5.0
0.251,2.332,125500.0,1.0564617972554229,0.1255,1,7.5
0.251,2.659,167333.3333333333,1.0497257370517927,0.1255,1,10.0
0.251,2.659,209166.6666666667,1.0644857370517928,0.1255,1,12.5
0.251,2.659,251000.0,1.0686916334661354,0.1255,1,15.0
0.251,2.659,292833.3333333333,1.0760492397755914,0.1255,1,17.5
0.251,2.659,334666.6666666666,1.0757509960159362,0.1255,1,20.0
0.251,2.659,83666.66666666666,1.0711955378486056,0.1255,1,5.0
0.251,2.659,125500.0,1.044441469676848,0.1255,1,7.5
0.251,2.998,167333.3333333333,1.0583529880478086,0.1255,1,10.0
0.251,2.998,209166.6666666667,1.0689509482071713,0.1255,1,12.5
0.251,2.998,251000.0,1.068156175298805,0.1255,1,15.0
0.251,2.998,292833.3333333333,1.0737767948613708,0.1255,1,17.5
0.251,2.998,334666.6666666666,1.0778828685258963,0.1255,1,20.0
0.251,2.998,83666.66666666666,1.0682352191235058,0.1255,1,5.0
0.251,2.998,125500.0,1.0490458432934926,0.1255,1,7.5
0.3,1.0,200000.0,1.1767009333333334,0.15,1,10.0
0.3,1.0,250000.0,1.1880610133333334,0.15,1,12.5
0.3,1.0,300000.0,1.1894518518518518,0.15,1,15.0
0.3,1.0,350000.0,1.1931781224489797,0.15,1,17.5
0.3,1.0,400000.0,1.198769,0.15,1,20.0
0.3,1.0,100000.0,1.1986981333333333,0.15,1,5.0
0.3,1.0,150000.0,1.1734648888888888,0.15,1,7.5
0.3,1.332,200000.0,1.1491972,0.15,1,10.0
0.3,1.332,250000.0,1.14968064,0.15,1,12.5
0.3,1.332,300000.0,1.145857185185185,0.15,1,15.0
0.3,1.332,350000.0,1.1428331972789116,0.15,1,17.5
0.3,1.332,400000.0,1.145834,0.15,1,20.0
0.3,1.332,100000.0,1.2050752,0.15,1,5.0
0.3,1.332,150000.0,1.1602913185185186,0.15,1,7.5
0.3,1.664,200000.0,1.1559418666666663,0.15,1,10.0
0.3,1.664,250000.0,1.1694976,0.15,1,12.5
0.3,1.664,300000.0,1.170117925925926,0.15,1,15.0
0.3,1.664,350000.0,1.1727407891156465,0.15,1,17.5
0.3,1.664,400000.0,1.176229,0.15,1,20.0
0.3,1.664,100000.0,1.1746394666666666,0.15,1,5.0
0.3,1.664,150000.0,1.1536602074074074,0.15,1,7.5
0.3,2.004,200000.0,1.1745665333333333,0.15,1,10.0
0.3,2.004,250000.0,1.1756151466666669,0.15,1,12.5
0.3,2.004,300000.0,1.1673765925925927,0.15,1,15.0
0.3,2.004,350000.0,1.1636580136054422,0.15,1,17.5
0.3,2.004,400000.0,1.1595383333333331,0.15,1,20.0
0.3,2.004,100000.0,1.2017978666666669,0.15,1,5.0
0.3,2.004,150000.0,1.1774034962962965,0.15,1,7.5
0.3,2.332,200000.0,1.1688268000000002,0.15,1,10.0
0.3,2.332,250000.0,1.1670229333333333,0.15,1,12.5
0.3,2.332,300000.0,1.1547952592592592,0.15,1,15.0
0.3,2.332,350000.0,1.1503220680272108,0.15,1,17.5
0.3,2.332,400000.0,1.1492156666666666,0.15,1,20.0
0.3,2.332,100000.0,1.2043824,0.15,1,5.0
0.3,2.332,150000.0,1.1753642666666666,0.15,1,7.5
0.3,2.659,200000.0,1.1731561333333334,0.15,1,10.0
0.3,2.659,250000.0,1.15735808,0.15,1,12.5
0.3,2.659,300000.0,1.1475377777777778,0.15,1,15.0
0.3,2.659,350000.0,1.145381006802721,0.15,1,17.5
0.3,2.659,400000.0,1.142564666666667,0.15,1,20.0
0.3,2.659,100000.0,1.1715018666666666,0.15,1,5.0
0.3,2.659,150000.0,1.1798696296296296,0.15,1,7.5
0.3,2.998,200000.0,1.1610846666666668,0.15,1,10.0
0.3,2.998,250000.0,1.1746244266666666,0.15,1,12.5
0.3,2.998,300000.0,1.1745386666666668,0.15,1,15.0
0.3,2.998,350000.0,1.18424337414966,0.15,1,17.5
0.3,2.998,400000.0,1.1873796666666665,0.15,1,20.0
0.3,2.998,100000.0,1.1672026666666668,0.15,1,5.0
0.3,2.998,150000.0,1.1518243555555554,0.15,1,7.5
0.351,1.0,234000.0,1.2667031339031345,0.1755,1,10.0
0.351,1.0,292499.99999999994,1.284899737891738,0.1755,1,12.5
0.351,1.0,350999.99999999994,1.2864496359607471,0.1755,1,15.0
0.351,1.0,409500.0,1.2963909064480492,0.1755,1,17.5
0.351,1.0,468000.0,1.2981390313390315,0.1755,1,20.0
0.351,1.0,117000.0,1.2658023931623934,0.1755,1,5.0
0.351,1.0,175499.99999999997,1.2529773725862616,0.1755,1,7.5
0.351,1.332,234000.0,1.2876843304843306,0.1755,1,10.0
0.351,1.332,292499.99999999994,1.303856866096866,0.1755,1,12.5
0.351,1.332,350999.99999999994,1.305527572016461,0.1755,1,15.0
0.351,1.332,409500.0,1.3088641897784754,0.1755,1,17.5
0.351,1.332,468000.0,1.314258404558405,0.1755,1,20.0
0.351,1.332,117000.0,1.2948330484330486,0.1755,1,5.0
0.351,1.332,175499.99999999997,1.2745469325735992,0.1755,1,7.5
0.351,1.664,234000.0,1.2738074074074075,0.1755,1,10.0
0.351,1.664,292499.99999999994,1.283158792022792,0.1755,1,12.5
0.351,1.664,350999.99999999994,1.2722456473567585,0.1755,1,15.0
0.351,1.664,409500.0,1.2677808709808709,0.1755,1,17.5
0.351,1.664,468000.0,1.2669692307692308,0.1755,1,20.0
0.351,1.664,117000.0,1.305225754985755,0.1755,1,5.0
0.351,1.664,175499.99999999997,1.279773700538145,0.1755,1,7.5
0.351,2.004,234000.0,1.2586324786324787,0.1755,1,10.0
0.351,2.004,292499.99999999994,1.270344205128205,0.1755,1,12.5
0.351,2.004,350999.99999999994,1.2701994301994302,0.1755,1,15.0
0.351,2.004,409500.0,1.272447188790046,0.1755,1,17.5
0.351,2.004,468000.0,1.2780532763532766,0.1755,1,20.0
0.351,2.004,117000.0,1.2857203418803422,0.1755,1,5.0
0.351,2.004,175499.99999999997,1.2542292117758784,0.1755,1,7.5
0.351,2.332,234000.0,1.2535589743589746,0.1755,1,10.0
0.351,2.332,292499.99999999994,1.2530368547008546,0.1755,1,12.5
0.351,2.332,350999.99999999994,1.2476935739157964,0.1755,1,15.0
0.351,2.332,409500.0,1.2457345659631376,0.1755,1,17.5
0.351,2.332,468000.0,1.2442048433048436,0.1755,1,20.0
0.351,2.332,117000.0,1.2957884900284904,0.1755,1,5.0
0.351,2.332,175499.99999999997,1.2593548844571067,0.1755,1,7.5
0.351,2.659,234000.0,1.2520387464387466,0.1755,1,10.0
0.351,2.659,292499.99999999994,1.2599167635327635,0.1755,1,12.5
0.351,2.659,350999.99999999994,1.2630153846153849,0.1755,1,15.0
0.351,2.659,409500.0,1.2665990348276064,0.1755,1,17.5
0.351,2.659,468000.0,1.2727364672364676,0.1755,1,20.0
0.351,2.659,117000.0,1.28580603988604,0.1755,1,5.0
0.351,2.659,175499.99999999997,1.2520987147831593,0.1755,1,7.5
0.351,2.998,234000.0,1.170665527065527,0.1755,1,10.0
0.351,2.998,292499.99999999994,1.181892923076923,0.1755,1,12.5
0.351,2.998,350999.99999999994,1.1824653371320035,0.1755,1,15.0
0.351,2.998,409500.0,1.175122832722833,0.1755,1,17.5
0.351,2.998,468000.0,1.1822629629629633,0.1755,1,20.0
0.351,2.998,117000.0,1.21481754985755,0.1755,1,5.0
0.351,2.998,175499.99999999997,1.169834099398544,0.1755,1,7.5
0.4,1.0,266666.6666666667,1.368487,0.2,1,10.0
0.4,1.0,333333.3333333333,1.36551552,0.2,1,12.5
0.4,1.0,400000.0,1.352168,0.2,1,15.0
0.4,1.0,466666.6666666666,1.343682612244898,0.2,1,17.5
0.4,1.0,533333.3333333334,1.3401045,0.2,1,20.0
0.4,1.0,133333.33333333334,1.4003048,0.2,1,5.0
0.4,1.0,200000.0,1.3814750222222223,0.2,1,7.5
0.4,1.332,266666.6666666667,1.280739,0.2,1,10.0
0.4,1.332,333333.3333333333,1.30861824,0.2,1,12.5
0.4,1.332,400000.0,1.3158862222222223,0.2,1,15.0
0.4,1.332,466666.6666666666,1.3224515918367346,0.2,1,17.5
0.4,1.332,533333.3333333334,1.33181625,0.2,1,20.0
0.4,1.332,133333.33333333334,1.2720376,0.2,1,5.0
0.4,1.332,200000.0,1.260793066666667,0.2,1,7.5
0.4,1.664,266666.6666666667,1.307146,0.2,1,10.0
0.4,1.664,333333.3333333333,1.3242464,0.2,1,12.5
0.4,1.664,400000.0,1.3200951111111112,0.2,1,15.0
0.4,1.664,466666.6666666666,1.329390367346939,0.2,1,17.5
0.4,1.664,533333.3333333334,1.3325515,0.2,1,20.0
0.4,1.664,133333.33333333334,1.2933664,0.2,1,5.0
0.4,1.664,200000.0,1.289676088888889,0.2,1,7.5
0.4,2.004,266666.6666666667,1.282832,0.2,1,10.0
0.4,2.004,333333.3333333333,1.3041830399999998,0.2,1,12.5
0.4,2.004,400000.0,1.309912888888889,0.2,1,15.0
0.4,2.004,466666.6666666666,1.316217142857143,0.2,1,17.5
0.4,2.004,533333.3333333334,1.3190317500000002,0.2,1,20.0
0.4,2.004,133333.33333333334,1.264582,0.2,1,5.0
0.4,2.004,200000.0,1.2560083555555557,0.2,1,7.5
0.4,2.332,266666.6666666667,1.30548,0.2,1,10.0
0.4,2.332,333333.3333333333,1.31262016,0.2,1,12.5
0.4,2.332,400000.0,1.3111262222222222,0.2,1,15.0
0.4,2.332,466666.6666666666,1.312812081632653,0.2,1,17.5
0.4,2.332,533333.3333333334,1.3071505,0.2,1,20.0
0.4,2.332,133333.33333333334,1.2795624,0.2,1,5.0
0.4,2.332,200000.0,1.3057342222222224,0.2,1,7.5
0.4,2.659,266666.6666666667,1.289819,0.2,1,10.0
0.4,2.659,333333.3333333333,1.29779904,0.2,1,12.5
0.4,2.659,400000.0,1.2914195555555557,0.2,1,15.0
0.4,2.659,466666.6666666666,1.2926550204081633,0.2,1,17.5
0.4,2.659,533333.3333333334,1.28774975,0.2,1,20.0
0.4,2.659,133333.33333333334,1.330936,0.2,1,5.0
0.4,2.659,200000.0,1.2915655111111113,0.2,1,7.5
0.4,2.998,266666.6666666667,1.319224,0.2,1,10.0
0.4,2.998,333333.3333333333,1.33612864,0.2,1,12.5
0.4,2.998,400000.0,1.331231111111111,0.2,1,15.0
0.4,2.998,466666.6666666666,1.335901387755102,0.2,1,17.5
0.4,2.998,533333.3333333334,1.3389555,0.2,1,20.0
0.4,2.998,133333.33333333334,1.3316903999999998,0.2,1,5.0
0.4,2.998,200000.0,1.3143399111111111,0.2,1,7.5
