diameter,x_center,Re,Cd,channel_height,U_inlet,blockage_ratio,flow_regime
0.099868,1.103366,9.99,1.53735,2.0,0.001,0.049934,0
0.099868,1.315086,9.99,1.52938,2.0,0.001,0.049934,0
0.099868,1.209432,9.99,1.49884,2.0,0.001,0.049934,0
0.099868,1.420821,9.99,1.49569,2.0,0.001,0.049934,0
0.099868,1.527817,9.99,1.52538,2.0,0.001,0.049934,0
0.099868,1.000589,9.99,1.50819,2.0,0.001,0.049934,0
0.099868,1.629998,9.99,1.52239,2.0,0.001,0.049934,0
0.099868,2.053198,9.99,1.52123,2.0,0.001,0.049934,0
0.099868,1.944981,9.99,1.49168,2.0,0.001,0.049934,0
0.099868,2.156161,9.99,1.48454,2.0,0.001,0.049934,0
0.099868,1.842592,9.99,1.51942,2.0,0.001,0.049934,0
0.099868,1.736917,9.99,1.48661,2.0,0.001,0.049934,0
0.099868,2.260869,9.99,1.48439,2.0,0.001,0.049934,0
0.099868,2.370784,9.99,1.49004,2.0,0.001,0.049934,0
0.099868,2.476135,9.99,1.48363,2.0,0.001,0.049934,0
0.099868,2.683182,9.99,1.48884,2.0,0.001,0.049934,0
0.099868,2.580571,9.99,1.4844,2.0,0.001,0.049934,0
0.099868,2.787356,9.99,1.48459,2.0,0.001,0.049934,0
0.099868,2.895706,9.99,1.48994,2.0,0.001,0.049934,0
0.099868,2.999685,9.99,1.48562,2.0,0.001,0.049934,0
0.121527,1.209432,12.15,1.46196,2.0,0.001,0.0607635,0
0.121527,1.000589,12.15,1.45994,2.0,0.001,0.0607635,0
0.121527,1.103366,12.15,1.47109,2.0,0.001,0.0607635,0
0.121527,1.315086,12.15,1.46054,2.0,0.001,0.0607635,0
0.121527,1.420821,12.15,1.45526,2.0,0.001,0.0607635,0
0.121527,1.527817,12.15,1.45658,2.0,0.001,0.0607635,0
0.121527,1.629998,12.15,1.44204,2.0,0.001,0.0607635,0
0.121527,1.736917,12.15,1.43598,2.0,0.001,0.0607635,0
0.121527,1.842592,12.15,1.43888,2.0,0.001,0.0607635,0
0.121527,1.944981,12.15,1.43252,2.0,0.001,0.0607635,0
0.121527,2.053198,12.15,1.45273,2.0,0.001,0.0607635,0
0.121527,2.156161,12.15,1.436,2.0,0.001,0.0607635,0
0.121527,2.370784,12.15,1.44871,2.0,0.001,0.0607635,0
0.121527,2.260869,12.15,1.43123,2.0,0.001,0.0607635,0
0.121527,2.476135,12.15,1.42938,2.0,0.001,0.0607635,0
0.121527,2.580571,12.15,1.43692,2.0,0.001,0.0607635,0
0.121527,2.683182,12.15,1.43159,2.0,0.001,0.0607635,0
0.121527,2.787356,12.15,1.43358,2.0,0.001,0.0607635,0
0.121527,2.895706,12.15,1.4306,2.0,0.001,0.0607635,0
0.121527,2.999685,12.15,1.4341,2.0,0.001,0.0607635,0
0.142349,1.000589,14.23,1.44011,2.0,0.001,0.0711745,0
0.142349,1.103366,14.23,1.42257,2.0,0.001,0.0711745,0
0.142349,1.209432,14.23,1.42048,2.0,0.001,0.0711745,0
0.142349,1.527817,14.23,1.40829,2.0,0.001,0.0711745,0
0.142349,1.315086,14.23,1.41543,2.0,0.001,0.0711745,0
0.142349,1.420821,14.23,1.4141,2.0,0.001,0.0711745,0
0.142349,1.629998,14.23,1.40244,2.0,0.001,0.0711745,0
0.142349,1.736917,14.23,1.41407,2.0,0.001,0.0711745,0
0.142349,1.842592,14.23,1.40105,2.0,0.001,0.0711745,0
0.142349,2.053198,14.23,1.40212,2.0,0.001,0.0711745,0
0.142349,2.156161,14.23,1.39681,2.0,0.001,0.0711745,0
0.142349,1.944981,14.23,1.40983,2.0,0.001,0.0711745,0
0.142349,2.260869,14.23,1.40612,2.0,0.001,0.0711745,0
0.142349,2.370784,14.23,1.40687,2.0,0.001,0.0711745,0
0.142349,2.476135,14.23,1.408,2.0,0.001,0.0711745,0
0.142349,2.580571,14.23,1.39745,2.0,0.001,0.0711745,0
0.142349,2.683182,14.23,1.40581,2.0,0.001,0.0711745,0
0.142349,2.787356,14.23,1.40575,2.0,0.001,0.0711745,0
0.142349,2.895706,14.23,1.408,2.0,0.001,0.0711745,0
0.142349,2.999685,14.23,1.40632,2.0,0.001,0.0711745,0
0.163262,1.000589,16.33,1.43363,2.0,0.001,0.081631,0
0.163262,1.315086,16.33,1.39876,2.0,0.001,0.081631,0
0.163262,1.209432,16.33,1.40868,2.0,0.001,0.081631,0
0.163262,1.103366,16.33,1.41255,2.0,0.001,0.081631,0
0.163262,1.420821,16.33,1.398,2.0,0.001,0.081631,0
0.163262,1.527817,16.33,1.39402,2.0,0.001,0.081631,0
0.163262,1.629998,16.33,1.38854,2.0,0.001,0.081631,0
0.163262,1.736917,16.33,1.40285,2.0,0.001,0.081631,0
0.163262,1.944981,16.33,1.39199,2.0,0.001,0.081631,0
0.163262,1.842592,16.33,1.38594,2.0,0.001,0.081631,0
0.163262,2.053198,16.33,1.38938,2.0,0.001,0.081631,0
0.163262,2.156161,16.33,1.38519,2.0,0.001,0.081631,0
0.163262,2.260869,16.33,1.40137,2.0,0.001,0.081631,0
0.163262,2.370784,16.33,1.38984,2.0,0.001,0.081631,0
0.163262,2.580571,16.33,1.38375,2.0,0.001,0.081631,0
0.163262,2.683182,16.33,1.39147,2.0,0.001,0.081631,0
0.163262,2.476135,16.33,1.39803,2.0,0.001,0.081631,0
0.163262,2.787356,16.33,1.38988,2.0,0.001,0.081631,0
0.163262,2.895706,16.33,1.38988,2.0,0.001,0.081631,0
0.163262,2.999685,16.33,1.40097,2.0,0.001,0.081631,0
0.183848,1.000589,18.38,1.41451,2.0,0.001,0.091924,0
0.183848,1.315086,18.38,1.38833,2.0,0.001,0.091924,0
0.183848,1.103366,18.38,1.40235,2.0,0.001,0.091924,0
0.183848,1.209432,18.38,1.39791,2.0,0.001,0.091924,0
0.183848,1.420821,18.38,1.38627,2.0,0.001,0.091924,0
0.183848,1.527817,18.38,1.38278,2.0,0.001,0.091924,0
0.183848,1.629998,18.38,1.3756,2.0,0.001,0.091924,0
0.183848,1.842592,18.38,1.37257,2.0,0.001,0.091924,0
0.183848,1.944981,18.38,1.37835,2.0,0.001,0.091924,0
0.183848,1.736917,18.38,1.37902,2.0,0.001,0.091924,0
0.183848,2.053198,18.38,1.37661,2.0,0.001,0.091924,0
0.183848,2.156161,18.38,1.37675,2.0,0.001,0.091924,0
0.183848,2.260869,18.38,1.38095,2.0,0.001,0.091924,0
0.183848,2.370784,18.38,1.37723,2.0,0.001,0.091924,0
0.183848,2.476135,18.38,1.37556,2.0,0.001,0.091924,0
0.183848,2.580571,18.38,1.3765,2.0,0.001,0.091924,0
0.183848,2.683182,18.38,1.37482,2.0,0.001,0.091924,0
0.183848,2.787356,18.38,1.37566,2.0,0.001,0.091924,0
0.183848,2.895706,18.38,1.3762,2.0,0.001,0.091924,0
0.183848,2.999685,18.38,1.37666,2.0,0.001,0.091924,0
0.204901,1.000589,20.49,1.40578,2.0,0.001,0.1024505,0
0.204901,1.103366,20.49,1.39158,2.0,0.001,0.1024505,0
0.204901,1.209432,20.49,1.38323,2.0,0.001,0.1024505,0
0.204901,1.315086,20.49,1.37755,2.0,0.001,0.1024505,0
0.204901,1.527817,20.49,1.36879,2.0,0.001,0.1024505,0
0.204901,1.420821,20.49,1.37774,2.0,0.001,0.1024505,0
0.204901,1.629998,20.49,1.3764,2.0,0.001,0.1024505,0
0.204901,1.736917,20.49,1.36783,2.0,0.001,0.1024505,0
0.204901,1.842592,20.49,1.37206,2.0,0.001,0.1024505,0
0.204901,1.944981,20.49,1.36665,2.0,0.001,0.1024505,0
0.204901,2.053198,20.49,1.362,2.0,0.001,0.1024505,0
0.204901,2.156161,20.49,1.3658,2.0,0.001,0.1024505,0
0.204901,2.260869,20.49,1.36216,2.0,0.001,0.1024505,0
0.204901,2.370784,20.49,1.36787,2.0,0.001,0.1024505,0
0.204901,2.476135,20.49,1.36372,2.0,0.001,0.1024505,0
0.204901,2.580571,20.49,1.37097,2.0,0.001,0.1024505,0
0.204901,2.683182,20.49,1.3663,2.0,0.001,0.1024505,0
0.204901,2.787356,20.49,1.36417,2.0,0.001,0.1024505,0
0.204901,2.895706,20.49,1.36646,2.0,0.001,0.1024505,0
0.204901,2.999685,20.49,1.36423,2.0,0.001,0.1024505,0
0.225851,1.000589,22.59,1.40355,2.0,0.001,0.1129255,0
0.225851,1.103366,22.59,1.39022,2.0,0.001,0.1129255,0
0.225851,1.315086,22.59,1.37481,2.0,0.001,0.1129255,0
0.225851,1.209432,22.59,1.38032,2.0,0.001,0.1129255,0
0.225851,1.420821,22.59,1.37283,2.0,0.001,0.1129255,0
0.225851,1.527817,22.59,1.36703,2.0,0.001,0.1129255,0
0.225851,1.629998,22.59,1.37047,2.0,0.001,0.1129255,0
0.225851,1.736917,22.59,1.36411,2.0,0.001,0.1129255,0
0.225851,1.944981,22.59,1.36195,2.0,0.001,0.1129255,0
0.225851,1.842592,22.59,1.3693,2.0,0.001,0.1129255,0
0.225851,2.053198,22.59,1.35926,2.0,0.001,0.1129255,0
0.225851,2.156161,22.59,1.36433,2.0,0.001,0.1129255,0
0.225851,2.260869,22.59,1.36024,2.0,0.001,0.1129255,0
0.225851,2.370784,22.59,1.36206,2.0,0.001,0.1129255,0
0.225851,2.476135,22.59,1.35844,2.0,0.001,0.1129255,0
0.225851,2.580571,22.59,1.36654,2.0,0.001,0.1129255,0
0.225851,2.683182,22.59,1.36343,2.0,0.001,0.1129255,0
0.225851,2.787356,22.59,1.36002,2.0,0.001,0.1129255,0
0.225851,2.895706,22.59,1.3624,2.0,0.001,0.1129255,0
0.225851,2.999685,22.59,1.35847,2.0,0.001,0.1129255,0
0.247754,1.103366,24.78,1.39335,2.0,0.001,0.123877,0
0.247754,1.315086,24.78,1.37498,2.0,0.001,0.123877,0
0.247754,1.000589,24.78,1.40637,2.0,0.001,0.123877,0
0.247754,1.209432,24.78,1.38351,2.0,0.001,0.123877,0
0.247754,1.420821,24.78,1.37183,2.0,0.001,0.123877,0
0.247754,1.527817,24.78,1.36589,2.0,0.001,0.123877,0
0.247754,1.842592,24.78,1.36935,2.0,0.001,0.123877,0
0.247754,1.736917,24.78,1.36312,2.0,0.001,0.123877,0
0.247754,1.944981,24.78,1.36257,2.0,0.001,0.123877,0
0.247754,1.629998,24.78,1.37269,2.0,0.001,0.123877,0
0.247754,2.053198,24.78,1.35986,2.0,0.001,0.123877,0
0.247754,2.156161,24.78,1.36691,2.0,0.001,0.123877,0
0.247754,2.370784,24.78,1.36008,2.0,0.001,0.123877,0
0.247754,2.260869,24.78,1.3607,2.0,0.001,0.123877,0
0.247754,2.476135,24.78,1.35592,2.0,0.001,0.123877,0
0.247754,2.580571,24.78,1.36597,2.0,0.001,0.123877,0
0.247754,2.683182,24.78,1.35909,2.0,0.001,0.123877,0
0.247754,2.787356,24.78,1.35733,2.0,0.001,0.123877,0
0.247754,2.895706,24.78,1.3608,2.0,0.001,0.123877,0
0.247754,2.999685,24.78,1.35722,2.0,0.001,0.123877,0
0.268527,1.103366,26.85,1.40092,2.0,0.001,0.1342635,0
0.268527,1.000589,26.85,1.41321,2.0,0.001,0.1342635,0
0.268527,1.209432,26.85,1.38846,2.0,0.001,0.1342635,0
0.268527,1.315086,26.85,1.38037,2.0,0.001,0.1342635,0
0.268527,1.527817,26.85,1.37178,2.0,0.001,0.1342635,0
0.268527,1.420821,26.85,1.37143,2.0,0.001,0.1342635,0
0.268527,1.629998,26.85,1.36861,2.0,0.001,0.1342635,0
0.268527,1.736917,26.85,1.36468,2.0,0.001,0.1342635,0
0.268527,1.842592,26.85,1.36513,2.0,0.001,0.1342635,0
0.268527,1.944981,26.85,1.35904,2.0,0.001,0.1342635,0
0.268527,2.053198,26.85,1.36443,2.0,0.001,0.1342635,0
0.268527,2.156161,26.85,1.35843,2.0,0.001,0.1342635,0
0.268527,2.260869,26.85,1.36123,2.0,0.001,0.1342635,0
0.268527,2.370784,26.85,1.35886,2.0,0.001,0.1342635,0
0.268527,2.476135,26.85,1.35971,2.0,0.001,0.1342635,0
0.268527,2.580571,26.85,1.36178,2.0,0.001,0.1342635,0
0.268527,2.683182,26.85,1.35826,2.0,0.001,0.1342635,0
0.268527,2.787356,26.85,1.36007,2.0,0.001,0.1342635,0
0.268527,2.895706,26.85,1.3579,2.0,0.001,0.1342635,0
0.268527,2.999685,26.85,1.36076,2.0,0.001,0.1342635,0
0.289693,1.000589,28.97,1.43804,2.0,0.001,0.1448465,0
0.289693,1.103366,28.97,1.41449,2.0,0.001,0.1448465,0
0.289693,1.209432,28.97,1.4062,2.0,0.001,0.1448465,0
0.289693,1.315086,28.97,1.39484,2.0,0.001,0.1448465,0
0.289693,1.420821,28.97,1.38483,2.0,0.001,0.1448465,0
0.289693,1.527817,28.97,1.38347,2.0,0.001,0.1448465,0
0.289693,1.629998,28.97,1.37556,2.0,0.001,0.1448465,0
0.289693,1.736917,28.97,1.38215,2.0,0.001,0.1448465,0
0.289693,1.842592,28.97,1.3697,2.0,0.001,0.1448465,0
0.289693,1.944981,28.97,1.3712,2.0,0.001,0.1448465,0
0.289693,2.053198,28.97,1.37531,2.0,0.001,0.1448465,0
0.289693,2.156161,28.97,1.37028,2.0,0.001,0.1448465,0
0.289693,2.260869,28.97,1.37817,2.0,0.001,0.1448465,0
0.289693,2.370784,28.97,1.3712,2.0,0.001,0.1448465,0
0.289693,2.683182,28.97,1.37041,2.0,0.001,0.1448465,0
0.289693,2.580571,28.97,1.36824,2.0,0.001,0.1448465,0
0.289693,2.476135,28.97,1.37716,2.0,0.001,0.1448465,0
0.289693,2.787356,28.97,1.37953,2.0,0.001,0.1448465,0
0.289693,2.895706,28.97,1.36891,2.0,0.001,0.1448465,0
0.289693,2.999685,28.97,1.3789,2.0,0.001,0.1448465,0
0.310022,1.209432,31.0,1.41405,2.0,0.001,0.155011,0
0.310022,1.103366,31.0,1.4277,2.0,0.001,0.155011,0
0.310022,1.000589,31.0,1.45097,2.0,0.001,0.155011,0
0.310022,1.315086,31.0,1.40474,2.0,0.001,0.155011,0
0.310022,1.527817,31.0,1.39458,2.0,0.001,0.155011,0
0.310022,1.420821,31.0,1.39944,2.0,0.001,0.155011,0
0.310022,1.842592,31.0,1.3923,2.0,0.001,0.155011,0
0.310022,1.629998,31.0,1.39546,2.0,0.001,0.155011,0
0.310022,1.736917,31.0,1.39344,2.0,0.001,0.155011,0
0.310022,1.944981,31.0,1.38835,2.0,0.001,0.155011,0
0.310022,2.156161,31.0,1.38203,2.0,0.001,0.155011,0
0.310022,2.053198,31.0,1.38538,2.0,0.001,0.155011,0
0.310022,2.260869,31.0,1.38768,2.0,0.001,0.155011,0
0.310022,2.476135,31.0,1.38514,2.0,0.001,0.155011,0
0.310022,2.370784,31.0,1.38488,2.0,0.001,0.155011,0
0.310022,2.580571,31.0,1.38811,2.0,0.001,0.155011,0
0.310022,2.683182,31.0,1.38565,2.0,0.001,0.155011,0
0.310022,2.787356,31.0,1.38798,2.0,0.001,0.155011,0
0.310022,2.999685,31.0,1.38804,2.0,0.001,0.155011,0
0.332074,1.000589,33.21,1.46922,2.0,0.001,0.166037,0
0.310022,2.895706,31.0,1.38519,2.0,0.001,0.155011,0
0.332074,1.103366,33.21,1.44848,2.0,0.001,0.166037,0
0.332074,1.315086,33.21,1.42586,2.0,0.001,0.166037,0
0.332074,1.209432,33.21,1.43522,2.0,0.001,0.166037,0
0.332074,1.629998,33.21,1.40659,2.0,0.001,0.166037,0
0.332074,1.527817,33.21,1.41118,2.0,0.001,0.166037,0
0.332074,1.420821,33.21,1.41447,2.0,0.001,0.166037,0
0.332074,1.736917,33.21,1.40542,2.0,0.001,0.166037,0
0.332074,1.842592,33.21,1.40151,2.0,0.001,0.166037,0
0.332074,1.944981,33.21,1.39969,2.0,0.001,0.166037,0
0.332074,2.053198,33.21,1.40265,2.0,0.001,0.166037,0
0.332074,2.156161,33.21,1.40056,2.0,0.001,0.166037,0
0.332074,2.260869,33.21,1.40225,2.0,0.001,0.166037,0
0.332074,2.370784,33.21,1.39879,2.0,0.001,0.166037,0
0.332074,2.476135,33.21,1.40464,2.0,0.001,0.166037,0
0.332074,2.580571,33.21,1.39807,2.0,0.001,0.166037,0
0.332074,2.683182,33.21,1.39724,2.0,0.001,0.166037,0
0.332074,2.787356,33.21,1.40015,2.0,0.001,0.166037,0
0.332074,2.895706,33.21,1.39801,2.0,0.001,0.166037,0
0.332074,2.999685,33.21,1.40018,2.0,0.001,0.166037,0
0.352982,1.000589,35.3,1.49283,2.0,0.001,0.176491,0
0.352982,1.103366,35.3,1.46612,2.0,0.001,0.176491,0
0.352982,1.209432,35.3,1.45193,2.0,0.001,0.176491,0
0.352982,1.315086,35.3,1.44121,2.0,0.001,0.176491,0
0.352982,1.420821,35.3,1.4331,2.0,0.001,0.176491,0
0.352982,1.527817,35.3,1.42888,2.0,0.001,0.176491,0
0.352982,1.629998,35.3,1.42551,2.0,0.001,0.176491,0
0.352982,1.736917,35.3,1.42037,2.0,0.001,0.176491,0
0.352982,1.842592,35.3,1.42079,2.0,0.001,0.176491,0
0.352982,1.944981,35.3,1.4195,2.0,0.001,0.176491,0
0.352982,2.053198,35.3,1.41725,2.0,0.001,0.176491,0
0.352982,2.156161,35.3,1.41767,2.0,0.001,0.176491,0
0.352982,2.260869,35.3,1.41771,2.0,0.001,0.176491,0
0.352982,2.370784,35.3,1.41636,2.0,0.001,0.176491,0
0.352982,2.476135,35.3,1.41964,2.0,0.001,0.176491,0
0.352982,2.580571,35.3,1.41524,2.0,0.001,0.176491,0
0.352982,2.683182,35.3,1.41548,2.0,0.001,0.176491,0
0.352982,2.787356,35.3,1.41225,2.0,0.001,0.176491,0
0.352982,2.895706,35.3,1.41545,2.0,0.001,0.176491,0
0.352982,2.999685,35.3,1.41635,2.0,0.001,0.176491,0
0.373381,1.000589,37.34,1.50453,2.0,0.001,0.1866905,0
0.373381,1.103366,37.34,1.48287,2.0,0.001,0.1866905,0
0.373381,1.209432,37.34,1.46692,2.0,0.001,0.1866905,0
0.373381,1.315086,37.34,1.45376,2.0,0.001,0.1866905,0
0.373381,1.420821,37.34,1.45002,2.0,0.001,0.1866905,0
0.373381,1.527817,37.34,1.4423,2.0,0.001,0.1866905,0
0.373381,1.629998,37.34,1.43837,2.0,0.001,0.1866905,0
0.373381,1.842592,37.34,1.43449,2.0,0.001,0.1866905,0
0.373381,1.736917,37.34,1.43748,2.0,0.001,0.1866905,0
0.373381,1.944981,37.34,1.43618,2.0,0.001,0.1866905,0
0.373381,2.053198,37.34,1.4311,2.0,0.001,0.1866905,0
0.373381,2.156161,37.34,1.43273,2.0,0.001,0.1866905,0
0.373381,2.260869,37.34,1.42972,2.0,0.001,0.1866905,0
0.373381,2.370784,37.34,1.43225,2.0,0.001,0.1866905,0
0.373381,2.580571,37.34,1.43308,2.0,0.001,0.1866905,0
0.373381,2.476135,37.34,1.42837,2.0,0.001,0.1866905,0
0.373381,2.683182,37.34,1.43273,2.0,0.001,0.1866905,0
0.373381,2.787356,37.34,1.42841,2.0,0.001,0.1866905,0
0.373381,2.895706,37.34,1.43261,2.0,0.001,0.1866905,0
0.373381,2.999685,37.34,1.42856,2.0,0.001,0.1866905,0
0.394402,1.000589,39.44,1.53746,2.0,0.001,0.197201,0
0.394402,1.103366,39.44,1.51062,2.0,0.001,0.197201,0
0.394402,1.209432,39.44,1.4901,2.0,0.001,0.197201,0
0.394402,1.315086,39.44,1.47971,2.0,0.001,0.197201,0
0.394402,1.420821,39.44,1.47157,2.0,0.001,0.197201,0
0.394402,1.527817,39.44,1.46585,2.0,0.001,0.197201,0
0.394402,1.629998,39.44,1.46669,2.0,0.001,0.197201,0
0.394402,1.736917,39.44,1.4588,2.0,0.001,0.197201,0
0.394402,1.842592,39.44,1.46214,2.0,0.001,0.197201,0
0.394402,1.944981,39.44,1.46033,2.0,0.001,0.197201,0
0.394402,2.053198,39.44,1.45543,2.0,0.001,0.197201,0
0.394402,2.156161,39.44,1.45944,2.0,0.001,0.197201,0
0.394402,2.370784,39.44,1.45271,2.0,0.001,0.197201,0
0.394402,2.260869,39.44,1.45112,2.0,0.001,0.197201,0
0.394402,2.476135,39.44,1.45279,2.0,0.001,0.197201,0
0.394402,2.580571,39.44,1.45861,2.0,0.001,0.197201,0
0.394402,2.683182,39.44,1.45433,2.0,0.001,0.197201,0
0.394402,2.787356,39.44,1.45235,2.0,0.001,0.197201,0
0.394402,2.999685,39.44,1.45109,2.0,0.001,0.197201,0
0.394402,2.895706,39.44,1.4532,2.0,0.001,0.197201,0
0.415456,1.000589,41.55,1.57266,2.0,0.001,0.207728,0
0.415456,1.103366,41.55,1.54825,2.0,0.001,0.207728,0
0.415456,1.209432,41.55,1.52389,2.0,0.001,0.207728,0
0.415456,1.315086,41.55,1.51462,2.0,0.001,0.207728,0
0.415456,1.420821,41.55,1.50412,2.0,0.001,0.207728,0
0.415456,1.527817,41.55,1.49759,2.0,0.001,0.207728,0
0.415456,1.629998,41.55,1.49747,2.0,0.001,0.207728,0
0.415456,1.736917,41.55,1.48936,2.0,0.001,0.207728,0
0.415456,1.842592,41.55,1.49168,2.0,0.001,0.207728,0
0.415456,1.944981,41.55,1.48542,2.0,0.001,0.207728,0
0.415456,2.156161,41.55,1.48808,2.0,0.001,0.207728,0
0.415456,2.053198,41.55,1.48579,2.0,0.001,0.207728,0
0.415456,2.260869,41.55,1.48424,2.0,0.001,0.207728,0
0.415456,2.370784,41.55,1.48395,2.0,0.001,0.207728,0
0.415456,2.476135,41.55,1.48227,2.0,0.001,0.207728,0
0.415456,2.580571,41.55,1.48436,2.0,0.001,0.207728,0
0.415456,2.787356,41.55,1.48236,2.0,0.001,0.207728,0
0.415456,2.683182,41.55,1.48084,2.0,0.001,0.207728,0
0.415456,2.895706,41.55,1.48193,2.0,0.001,0.207728,0
0.415456,2.999685,41.55,1.48406,2.0,0.001,0.207728,0
0.436636,1.000589,43.66,1.60918,2.0,0.001,0.218318,0
0.436636,1.315086,43.66,1.5439,2.0,0.001,0.218318,0
0.436636,1.209432,43.66,1.55655,2.0,0.001,0.218318,0
0.436636,1.103366,43.66,1.5791,2.0,0.001,0.218318,0
0.436636,1.420821,43.66,1.53003,2.0,0.001,0.218318,0
0.436636,1.527817,43.66,1.52758,2.0,0.001,0.218318,0
0.436636,1.629998,43.66,1.52287,2.0,0.001,0.218318,0
0.436636,1.736917,43.66,1.52131,2.0,0.001,0.218318,0
0.436636,1.842592,43.66,1.51798,2.0,0.001,0.218318,0
0.436636,1.944981,43.66,1.51155,2.0,0.001,0.218318,0
0.436636,2.053198,43.66,1.51516,2.0,0.001,0.218318,0
0.436636,2.156161,43.66,1.51152,2.0,0.001,0.218318,0
0.436636,2.260869,43.66,1.512,2.0,0.001,0.218318,0
0.436636,2.476135,43.66,1.51211,2.0,0.001,0.218318,0
0.436636,2.370784,43.66,1.50865,2.0,0.001,0.218318,0
0.436636,2.580571,43.66,1.50993,2.0,0.001,0.218318,0
0.436636,2.787356,43.66,1.5139,2.0,0.001,0.218318,0
0.436636,2.683182,43.66,1.50776,2.0,0.001,0.218318,0
0.436636,2.895706,43.66,1.50742,2.0,0.001,0.218318,0
0.436636,2.999685,43.66,1.51232,2.0,0.001,0.218318,0
0.457921,1.000589,45.79,1.64369,2.0,0.001,0.2289605,0
0.457921,1.103366,45.79,1.60861,2.0,0.001,0.2289605,0
0.457921,1.209432,45.79,1.58983,2.0,0.001,0.2289605,0
0.457921,1.315086,45.79,1.57261,2.0,0.001,0.2289605,0
0.457921,1.420821,45.79,1.55844,2.0,0.001,0.2289605,0
0.457921,1.527817,45.79,1.55559,2.0,0.001,0.2289605,0
0.457921,1.736917,45.79,1.54912,2.0,0.001,0.2289605,0
0.457921,1.629998,45.79,1.54795,2.0,0.001,0.2289605,0
0.457921,1.842592,45.79,1.54155,2.0,0.001,0.2289605,0
0.457921,1.944981,45.79,1.53975,2.0,0.001,0.2289605,0
0.457921,2.053198,45.79,1.54124,2.0,0.001,0.2289605,0
0.457921,2.260869,45.79,1.54139,2.0,0.001,0.2289605,0
0.457921,2.156161,45.79,1.53731,2.0,0.001,0.2289605,0
0.457921,2.370784,45.79,1.53578,2.0,0.001,0.2289605,0
0.457921,2.476135,45.79,1.54173,2.0,0.001,0.2289605,0
0.457921,2.580571,45.79,1.53666,2.0,0.001,0.2289605,0
0.457921,2.683182,45.79,1.5352,2.0,0.001,0.2289605,0
0.457921,2.787356,45.79,1.54094,2.0,0.001,0.2289605,0
0.457921,2.895706,45.79,1.53406,2.0,0.001,0.2289605,0
0.457921,2.999685,45.79,1.542,2.0,0.001,0.2289605,0
0.478876,1.103366,47.89,1.63702,2.0,0.001,0.239438,0
0.478876,1.000589,47.89,1.67361,2.0,0.001,0.239438,0
0.478876,1.209432,47.89,1.61964,2.0,0.001,0.239438,0
0.478876,1.315086,47.89,1.59848,2.0,0.001,0.239438,0
0.478876,1.420821,47.89,1.59071,2.0,0.001,0.239438,0
0.478876,1.527817,47.89,1.57894,2.0,0.001,0.239438,0
0.478876,1.629998,47.89,1.57595,2.0,0.001,0.239438,0
0.478876,1.736917,47.89,1.57477,2.0,0.001,0.239438,0
0.478876,1.842592,47.89,1.56912,2.0,0.001,0.239438,0
0.478876,1.944981,47.89,1.5706,2.0,0.001,0.239438,0
0.478876,2.053198,47.89,1.56647,2.0,0.001,0.239438,0
0.478876,2.156161,47.89,1.56692,2.0,0.001,0.239438,0
0.478876,2.260869,47.89,1.56929,2.0,0.001,0.239438,0
0.478876,2.370784,47.89,1.56684,2.0,0.001,0.239438,0
0.478876,2.580571,47.89,1.56413,2.0,0.001,0.239438,0
0.478876,2.476135,47.89,1.56266,2.0,0.001,0.239438,0
0.478876,2.683182,47.89,1.566,2.0,0.001,0.239438,0
0.478876,2.787356,47.89,1.56593,2.0,0.001,0.239438,0
0.478876,2.895706,47.89,1.56604,2.0,0.001,0.239438,0
0.478876,2.999685,47.89,1.5663,2.0,0.001,0.239438,0
0.49978,1.209432,49.98,1.6549,2.0,0.001,0.24989,0
0.49978,1.000589,49.98,1.71646,2.0,0.001,0.24989,0
0.49978,1.103366,49.98,1.68017,2.0,0.001,0.24989,0
0.49978,1.315086,49.98,1.63963,2.0,0.001,0.24989,0
0.49978,1.420821,49.98,1.62905,2.0,0.001,0.24989,0
0.49978,1.527817,49.98,1.62019,2.0,0.001,0.24989,0
0.49978,1.629998,49.98,1.61679,2.0,0.001,0.24989,0
0.49978,1.842592,49.98,1.6095,2.0,0.001,0.24989,0
0.49978,1.736917,49.98,1.61031,2.0,0.001,0.24989,0
0.49978,1.944981,49.98,1.60706,2.0,0.001,0.24989,0
0.49978,2.156161,49.98,1.60355,2.0,0.001,0.24989,0
0.49978,2.053198,49.98,1.60474,2.0,0.001,0.24989,0
0.49978,2.260869,49.98,1.60202,2.0,0.001,0.24989,0
0.49978,2.370784,49.98,1.60378,2.0,0.001,0.24989,0
0.49978,2.476135,49.98,1.60547,2.0,0.001,0.24989,0
0.49978,2.580571,49.98,1.60402,2.0,0.001,0.24989,0
0.49978,2.683182,49.98,1.6036,2.0,0.001,0.24989,0
0.49978,2.787356,49.98,1.60034,2.0,0.001,0.24989,0
0.49978,2.895706,49.98,1.60209,2.0,0.001,0.24989,0
0.49978,2.999685,49.98,1.60028,2.0,0.001,0.24989,0
0.2689034395562996,1.054244486240992,132197.2703133877,1.1473059177785072,2.021513159854704,7.374242062402658,0.13302087015630756,1
0.2212177210339231,2.8665818961274807,177282.09802104742,0.991325743167852,2.280534394393389,12.020879059268154,0.09700258043806699,1
0.3167205213919274,1.0287089535469167,383373.24816026434,1.2753038984856957,1.773863806391076,18.156697574035174,0.17854838700175915,1
0.2583008736916857,2.4197447309755837,144565.33472262596,1.0177324645585957,2.7968416780043897,8.395171064840223,0.09235448531930819,1
0.0591994548526336,1.739221445168592,49988.01324411512,0.7103458691701676,1.874780981171064,12.66599836988819,0.03157673106735659,1
0.4945152403869011,2.372097510593453,192767.50703934507,1.295865197770205,2.506069678473615,5.847165808940289,0.1973270115490556,1
0.490884697730592,1.802198456248418,264386.4421572769,1.2983303782827182,2.695366175055757,8.078876059273021,0.1821217103165723,1
0.0759611394571392,1.83326780418703,95243.40443455412,0.876154986557684,3.775162451337829,18.807657135322764,0.02012129025870671,1
0.1324065632730149,1.924669287215769,105386.7270586116,0.8414239085749771,2.883438166793089,11.938992046939932,0.045919681856842184,1
0.2118830706451981,2.542097180295096,122654.76909451478,0.9325029398243992,3.706650930026588,8.683192719528474,0.05716294160013558,1
0.1221509661787443,1.0247809425700127,158131.55647345632,0.8278655677571604,3.7935583594803486,19.41837564862909,0.032199574806456084,1
0.4664067571776756,2.7945181611758603,516962.5546225994,1.2303145881273363,3.0890526432045786,16.625913325661728,0.15098698890862083,1
0.384091768060248,1.0813405965736318,490839.7055043077,1.40376217276449,1.69109635484489,19.16884503864121,0.2271258920048216,1
0.3679857540464225,2.075440990065563,395560.2207766639,1.140671881818782,3.4449631886512453,16.124002753925744,0.10681848655413193,1
0.2680984373343886,2.230115615175428,328206.874046659,1.031470210692235,3.28617500571292,18.363042916805565,0.08158373697940835,1
0.4680869758020154,1.3857250352161885,420835.34592978633,1.2888284926281883,3.3744273496323203,13.485806090056167,0.13871597379419606,1
0.2263722639488888,2.4902531304430706,280453.54041759984,0.965873658099203,3.802957356781377,18.58356245981541,0.059525322718969,1
0.4688287535119995,1.973785682397368,275772.0672774838,1.2606253843046915,3.273480249509687,8.823223785177637,0.14322027865670559,1
0.4866319372340587,2.4150642420565385,332475.0798243384,1.373286107819385,2.33359308053989,10.248250917749328,0.2085333305502747,1
0.3392021178137053,1.5983744525542396,174249.92316981836,1.1414402786599194,3.504165135400461,7.705579388460019,0.096799695421586,1
0.2361548553988697,2.845995820899587,230730.07352464527,1.0266321989686873,2.046518398124612,14.655430636918606,0.11539346805544345,1
0.4277357656180099,2.3373523339410927,445794.4569798127,1.1413272191302155,3.251080508954468,15.633289035429762,0.1315672633882474,1
0.2758795591341795,1.3556398085568977,167704.04300740207,1.0869006476534333,2.9826906138487432,9.118329219482106,0.09249352173948597,1
0.0661132481340618,2.8203895904138245,43001.49658276551,0.8956318839747999,1.863988183176024,9.756326711304991,0.0354687056123995,1
0.0996991241864307,2.345132439243364,124268.43900546098,0.8581478901023722,2.1886387921907744,18.69651915493569,0.04555302800177196,1
0.0644822773783631,1.609201171464757,22233.59198679193,0.8849111345349567,3.8151541181132615,5.172023901156215,0.01690161796406066,1
0.1847246390382644,2.8776831217242327,76656.99150351867,0.9525429184460183,1.9007169285795384,6.224696816511823,0.09718682264608151,1
0.0520173324231483,2.349122148176196,51313.49355787968,0.8859545907128797,2.371863455796488,14.797037208806746,0.021930997881022846,1
0.4023984593519834,2.742475915095614,473514.46347677015,1.2079183252094736,2.9268485870344056,17.65095463732556,0.1374852327976791,1
0.4654743686505019,2.935649400322736,329135.67931321525,1.237206940335689,2.830190511677253,10.606459822936383,0.16446750377049646,1
0.1862743118279785,2.9934006135937805,161903.00880017312,0.9151063816021066,2.317920962989147,13.037466670365804,0.08036266758110797,1
0.0715625472435243,1.218024036723022,37976.35535154317,0.7572062048806197,3.73927737905567,7.960104163630016,0.01913806866651785,1
0.1669069373290497,2.161649421711289,209133.0818192589,0.9547473140371264,2.730374399408116,18.794882210943896,0.06112968879477898,1
0.1670372967080827,1.2740707862522285,139938.47908418791,0.9734078132505946,3.104586350000388,12.56651794318249,0.05380339854552985,1
0.1206738595390487,1.0229320973476324,141751.986157003,0.7875784873869285,2.5623966379876424,17.620052930079723,0.047094137476631624,1
0.2717770449742696,1.6866125207818603,250619.6103273669,1.0229751601729418,3.149885980644852,13.832272535255555,0.08628155007649857,1
0.0886030331486397,2.868335952619449,104806.12724349055,0.888412020957686,2.3048129372191197,17.743093580273154,0.038442613592556456,1
0.2844620075022456,1.7020371720225818,309340.3948469712,1.0741945830144644,3.77214135973812,16.311865206350753,0.07541127979413642,1
0.0938468895945449,1.6373623094612324,77693.90140380363,0.8892662156663698,3.811156762540412,12.418190161571394,0.024624253328270115,1
0.3801737758199013,1.869783855425844,127402.3841926671,1.5159004560683575,1.5416387995348009,5.026742727765937,0.2466036635394887,1
0.4474049796857254,1.5719135516804783,157343.71857917236,1.2420438696195035,3.2205191961408013,5.275211242274169,0.1389232457368544,1
0.1513084126459972,2.9600304977437766,128846.67558108522,0.9476376786370074,1.9662569599027155,12.773249682012352,0.07695251217495168,1
0.1625982867582093,1.8244262134412088,160044.78092481755,0.9123200936337252,2.468420354740846,14.764434249188406,0.0658713927900988,1
0.2081696314184891,1.7442558257198042,130523.21607910287,0.966388494120831,3.3047754469030384,9.40506176547254,0.06299055253922575,1
0.4239006327775476,1.4265163108645502,203334.007782554,1.1955665626080163,3.3809587426396783,7.195106307706028,0.12537882448295948,1
0.3044145749964596,2.132188402419721,243151.5976870574,1.1030398545902738,2.802424714353841,11.981272464855795,0.10862542477493417,1
0.2338278893497858,2.1269501579363084,294964.460795154,1.0950564432082242,1.5837951471249716,18.921895605483986,0.14763771045406246,1
0.2428051888111001,1.177353354947329,261886.28171929423,1.0609039204194286,3.439527666659693,16.17879026813379,0.07059259652558662,1
0.1817605554876312,2.1165017518366502,142671.2147617051,0.9157023818595276,2.1484483816355,11.77410696002856,0.08460084824065754,1
0.1564003356455829,1.3001126942957562,162395.45000178865,0.86596091835179,3.529280512487244,15.57497776441393,0.04431507642767689,1
0.1641820480235984,2.7875049847853983,119110.49802390876,1.001193253829885,1.613012109030875,10.882173123469803,0.10178599844624957,1
0.4531874573410626,1.5510813758800044,159100.3796610939,1.3004025215718935,2.2166117066319355,5.266045333466405,0.20445053862395465,1
0.1334291461773971,2.9220456638185937,132362.72772433332,0.8164414071734354,2.415221883714765,14.880114073617094,0.055245088278255645,1
0.4962895178608296,1.5246755493115005,571242.5180979156,1.277841280157344,3.874103658459212,17.265401470501267,0.12810434660858075,1
0.3414202019135059,2.880783501895271,343435.4411675841,1.1142661227133506,2.7163050799804225,15.088537786111528,0.12569287758942257,1
0.113329422399487,1.819576410384997,85116.36348519786,0.8851775550088334,2.0129044284034183,11.265789812088084,0.05630144223458083,1
0.2603421983958061,1.6243007662827518,246617.89866435,1.077246892074123,2.177224009788366,14.209254215258412,0.11957529276976524,1
0.4890903507458343,2.9659746802735176,635790.4623209293,1.2133622886887454,3.517094416953896,19.49917212693072,0.13906091016158398,1
0.2409535142466055,2.4728127316466995,147672.71086258392,1.1049029232448837,1.6973461520470048,9.193020777741008,0.1419589716311047,1
0.2304793565586002,1.4608609462029911,249677.74758416205,1.0164762303844577,2.6194542800161718,16.24946489648069,0.08798754699287108,1
0.1014650881129184,2.7195788876805835,121474.02536662978,0.8640120719599564,2.877027831681218,17.958003234291347,0.03526732935830736,1
0.3938303912790711,1.4896158297870623,295950.655629363,1.1437871954378536,3.945978195421935,11.272009303351991,0.09980551634471455,1
0.3744914928061313,2.355008641748195,338113.3924183186,1.155489810986199,2.6212699285987826,13.542900129110071,0.14286643611950267,1
0.2253684440802265,2.6367013432381743,164679.5761521262,0.9917360504741451,2.4242806403351445,10.96068995978228,0.09296301770123051,1
0.49945458576137,1.536529044184896,411614.068844174,1.2958052073793205,3.377937142153632,12.36190678527984,0.14785786849868335,1
0.4843632343609335,1.378296471654506,291600.94189083617,1.200661849122031,3.4706625468412384,9.0304420692326,0.13955929965065836,1
0.1470960589427012,1.1119154079346545,147864.27436431914,0.8650475083712467,3.9641267926453208,15.078338137725073,0.0371067997157936,1
0.2270138080127431,1.561981895051911,179246.3169994841,1.0551425485451058,1.8007443418658888,11.843749851732962,0.1260666507370595,1
0.4784711265747612,2.0553378731090586,452042.24431156495,1.3627532483205114,2.20423193302404,14.171458397529864,0.21706931988701159,1
0.2668608724441885,1.543274006361614,344479.9840638961,1.1478131947887762,1.888753062120839,19.362897653866867,0.14128944529388945,1
0.2231858906134315,2.682334950297188,89103.58000238548,0.9510846285450234,3.688131929307702,5.988522376402172,0.06051461685518545,1
0.4198519562606355,2.205635424735556,466023.8754061893,1.129261734999868,3.84303184771584,16.649578564196013,0.10925018914693106,1
0.1608989032808797,1.3394617911663476,99477.548580489,0.8979755004839441,2.172428885649048,9.27391795892157,0.07406405997626411,1
0.2399183863874721,2.224791896478905,230747.35689898385,1.1351886308214092,1.5367875836200222,14.42661567377686,0.15611681727823812,1
0.4451676423178837,2.7676035474336804,259820.39542542555,1.2435097647163944,2.630486734280362,8.754692751452067,0.16923394310128342,1
0.1361601830142492,1.955440926356184,141658.00153132607,0.8847206831955094,2.407915553157025,15.605663681779289,0.05654690956073156,1
0.4977286223461541,2.147593312388385,392044.12021637807,1.2145872697946385,3.1747401906676744,11.814996243386345,0.15677774950191362,1
0.116390687053524,2.35852995275954,118555.61766529246,0.8755995365898426,3.968362522177937,15.279008226505212,0.02932965080761973,1
0.1392362955601037,2.01338965063776,75984.66469329245,0.9195701757817156,2.3523363886196718,8.185868245161588,0.059190639669442095,1
0.3804281850702897,2.862148802537626,198036.89602046215,1.0877760712795597,3.576802183643814,7.808447315116989,0.10635986155732384,1
0.2141303741336591,2.60284737754327,98470.7533714072,0.9813919599725596,2.6039879770343712,6.897953205130691,0.08223170614540541,1
0.4127752867824156,1.6900763582867997,238037.8534545866,1.427021944939488,1.72232282605085,8.65014916384986,0.23966197308600773,1
0.4483584823282457,2.245257026618176,368882.2696124335,1.159948665895594,3.610255710366423,12.34109370576286,0.12419022869788345,1
0.2725746816840633,2.0685571237266966,298488.1188936233,1.0273312474381602,3.0019281012972905,16.426036914880953,0.09079987011223536,1
0.154612468948994,2.6488030211339515,130856.11264192504,0.9829191461663376,1.842002032792387,12.695235403532738,0.0839371869284036,1
0.4918144138265931,2.2610971374869147,332055.5575051165,1.6787406864354626,1.6603203008864968,10.127465203435294,0.29621658758493646,1
0.2859956383058334,2.7488195406440674,117670.4112723744,1.019971761271675,3.943733083230804,6.17161918811548,0.07251901492063928,1
0.3536689316941775,1.7996198032097424,180406.87640987447,1.2804274271941252,1.979143543479536,7.651515028999276,0.17869796905806615,1
0.473776332862966,1.2001644790163637,249079.1729270836,1.3076481423050106,2.5770315899776683,7.885973474717447,0.18384576064396307,1
0.1049574852829618,1.130248383851205,93261.72567566507,0.9105400932081568,2.266351571456613,13.328500405316678,0.046311210760431265,1
0.4490915444496748,2.941710277943865,248078.7812780675,1.1921916383131197,3.1673868411224344,8.286020445410564,0.14178613695652317,1
0.3203079230434635,1.1863255667968384,357394.67677808495,1.2351419399313397,2.206643842933457,16.736770357515745,0.14515614926677708,1
0.4604618873878789,1.9595210656459956,550297.5992663628,1.497739387999111,1.7145614549404462,17.926486893022997,0.2685595701810949,1
0.0822933692805046,2.1885978652832367,40657.7950041548,0.712944716885583,1.5893903916083243,7.410887783480264,0.05177668728526218,1
0.4285722271840051,2.198742240079183,532723.039848217,1.263121027462659,2.194261083137289,18.64527165054125,0.19531505638847924,1
0.1981612764738672,1.1640534738203028,175154.31886905985,0.9661670433739716,2.500244026699981,13.258467192919891,0.07925677428191522,1
0.4879997260175046,1.1924065338105538,430322.1936910957,1.371900008726658,3.3286473252954494,13.22712403558788,0.14660601689732627,1
0.1718705678000277,2.801255614539578,193407.4500250796,0.8875758663672823,3.427728410190791,16.87963091942334,0.050141244355605526,1
0.2418571404399233,1.890818563898624,126833.81152213704,1.0054473787466789,2.7727884293646605,7.866243557546044,0.08722524152170562,1
0.4041023062412724,2.3802554400526463,401585.85221230856,1.1246644764881928,3.8676031521793774,14.906590955182718,0.10448391169956579,1
0.2804026688079462,1.284483199902769,133686.3232103113,1.0883151364170012,3.255815517101695,7.151482746864079,0.08612363548704957,1
0.2774282653477017,2.6683262324179378,191916.757876454,1.029894954151264,3.35944705794502,10.376561178937054,0.08258152623408362,1
0.1660186033457142,1.7124118664044137,128378.09100664628,0.9578451027002186,3.4937958597097944,11.599130014903867,0.04751811783287883,1
0.2839042224213157,1.7280035810781031,378160.98181365686,1.056919979646276,3.076749374922206,19.980029457916807,0.09227408144951489,1
0.2276093578646053,2.831855349158021,81785.15749722948,1.0334472926781209,1.954741710414928,5.389837104976139,0.11643960767394237,1
0.35587128031235,1.4808929282372312,334140.6855891976,1.2849719770427537,2.8404468088643453,14.084053873183612,0.1252870777941562,1
0.342448491253862,1.640796144585433,218988.1881003008,1.2828244769629704,1.671139458004478,9.592166137094832,0.20491915837041075,1
0.1924716912944192,2.0326480791253783,125732.71566862428,0.9504034763135424,3.723991089446405,9.798795461013588,0.05168425129691472,1
0.2028875686886249,1.861981876039228,141177.8857503899,0.9502021848104172,3.636849940777118,10.437644356150134,0.05578662083739207,1
0.446354667340117,1.6447940727565622,242306.4109250086,1.2642918789852515,2.6557529557853847,8.14284341538118,0.16807085401816552,1
0.137056317123814,2.4491603812108744,55833.03262699049,0.8786729278975249,3.506942281970115,6.11059385645304,0.03908142937750863,1
0.3966339820102142,1.4233791480302356,221267.85589312064,1.169012679242748,3.204034792545656,8.367961367241945,0.12379203338646716,1
0.1382179755384012,2.222165757430166,115517.77002147866,0.9311106416767788,2.081817958289461,12.536477571549757,0.06639292114281158,1
0.2905613795434094,2.70730748861431,327506.22737463284,1.1512005707111084,2.1190823338555984,16.907248369825275,0.13711660698654535,1
0.1407664049090719,2.341966589046212,169556.69111311293,0.9466683470645444,1.737629156352587,18.06787896827777,0.0810106140279961,1
0.4432509497165078,1.84553476412029,420755.3577531203,1.2265910022574409,2.850579271443166,14.238729483452596,0.15549504416767285,1
0.3662848281650372,2.39141947898134,250334.17342694924,1.1813962283668304,2.223493286837426,10.251619266393256,0.16473394830259214,1
0.2107320952015142,2.327129485893212,77160.9729539948,0.9972604707357958,1.8184147954434136,5.49235081254773,0.11588780278821256,1
0.3889148871076868,1.9615560498118536,166480.49144178824,1.37149416228939,1.747940945517072,6.420961126477452,0.22249887108894223,1
0.4562797845057731,1.3932008962216438,504661.35078105406,1.280732242838982,3.1102970279515225,16.59052300534264,0.14669974616742126,1
0.2290675461491503,2.8863263998233726,96754.7110529429,0.9760177431759958,2.6688720356589792,6.335776019747295,0.08582934778759092,1
0.420692704226422,1.4874636215605088,183748.9739416873,1.1664054648392397,3.783476476981196,6.551657733626563,0.11119210249777717,1
0.294212810249131,2.454735143392704,131736.27744478715,1.155648021110161,2.0972542780820014,6.716377033340422,0.14028475865987836,1
0.1710317523967334,1.4288005183569448,125999.84999482206,0.9279267203778718,1.9558130881882747,11.050566479247674,0.08744790257803468,1
0.4076847878601901,2.5697369123982723,368518.2367221921,1.1490980479824169,3.196760257588994,13.55893993456669,0.12753061068385127,1
0.0684552725181343,1.7595365731026589,72780.9074538489,0.9039033483367884,3.365790033944803,15.947838225587812,0.020338545134350742,1
0.1855117236243381,1.0454959500762355,95837.58602748766,0.942854546784704,3.6774363037769664,7.749180279966493,0.050445937957866324,1
0.0841499888747838,1.5468775542554654,53070.45889789829,0.7337606520357803,2.029135027774042,9.459976098784953,0.04147086700636981,1
0.369736964880366,2.500454388453105,422051.49872800027,1.1308198110286218,2.6474818353740845,17.122368284081148,0.13965609128650464,1
0.1586174959671782,2.6770292297330998,172148.19771128573,0.8983583399845407,3.2108641328773966,16.279559514693197,0.0494002515843092,1
0.4326291067787829,1.7065109537072338,228872.09236561516,1.2231847193175065,2.4619957979602747,7.93539161302818,0.17572292655300606,1
0.3772509424743527,2.9254364454616555,131778.235209352,1.136061480103566,3.073954711706989,5.23967817065073,0.12272495135911178,1
0.4863922946997216,2.782540322555687,586305.2853302527,1.2366326105765355,2.895022677637081,18.08124712457297,0.16800983925166182,1
0.4797274205273294,2.8273449947829667,305587.0958685363,1.479524297471207,1.8958184785472487,9.555022793963705,0.25304501773552757,1
0.4714051055977808,2.630756153960317,197970.34686162893,1.2004577850403446,3.59647296817258,6.2993700485250175,0.13107428020995485,1
0.4847097802975847,1.565776122287886,634802.6812870794,1.501326095227845,1.8650483916783689,19.644827908073548,0.2598912620499843,1
0.0629157658548791,2.2333191869785947,36604.86615991443,0.8565000953383709,1.564709457591393,8.727112909428815,0.04020923216743851,1
0.4251725637002881,1.2982070175469826,454317.3724874415,1.3288630574806488,2.054599753581769,16.028222818524743,0.20693692918004483,1
0.4003202028444847,2.3782648838907097,178700.80863210853,1.2512643335190488,2.249246635130934,6.695920191974288,0.17797968288221142,1
0.3854371466027169,2.9020392098303938,201260.03121383692,1.0884882745644886,3.192533550120747,7.832406644809556,0.12073080534678768,1
0.4557371660129922,1.3483715855113751,551097.4495998301,1.230707949149708,3.838835738575282,18.13866052733077,0.11871754798816457,1
0.4594242961988988,1.2350253301837772,210253.76338745863,1.2939319697547602,3.911812056497608,6.864692348457124,0.11744539092459329,1
0.3007700524535606,2.2098418902589536,374355.376840365,1.0514198349616213,3.905777605633564,18.66984630550108,0.07700644604540204,1
0.4086656847422714,1.2089254896421624,198460.0313551657,1.290832259752067,2.2374760425854827,7.284439534493565,0.18264583707901683,1
0.3425814029805158,2.165651504237852,258180.5767268575,1.222771562599957,2.7282970460220426,11.30449177103499,0.1255660205621716,1
0.0923743960947034,1.581476671038541,61057.473157253015,0.8777245819761446,3.458305721821952,9.914674802526893,0.026710882011332836,1
0.2709510647373216,2.989874355835981,182383.49485820087,1.091330979812743,2.413007237466492,10.096850608523118,0.11228771324440925,1
0.2136275572913035,2.067900707472805,163100.02828914204,0.9737952620373392,2.7777589633587154,11.45217618624488,0.07690644152687627,1
0.1298232184348213,2.797606091233769,81700.17962913342,0.8932706033598854,3.608609889466996,9.43978056631121,0.03597596371216414,1
0.0907408278473056,1.9142396452018904,48294.72999139707,0.876588561106877,1.991729487952588,7.983406885927662,0.04555881127239988,1
0.257267269880871,2.521464920907723,213369.68395627665,1.0178667012909015,2.6918982114517096,12.440545821573725,0.09557095018913428,1
0.3587331098988055,2.080871979317047,240207.5936941732,1.1776777741429287,2.6894294796440814,10.043995956852145,0.13338632323844393,1
0.295727166394965,1.3120616876742734,127386.51059373532,1.1246748196150882,2.9113312325128105,6.461353152635363,0.10157798710513567,1
0.397870244713735,2.696954269747264,273546.4074597178,1.1046801127996702,3.4163965202664084,10.312900163841078,0.11645903581552335,1
0.1409198747188335,1.4023536959912235,156667.10267518772,0.9399735333807852,3.294575903638441,16.676189535483203,0.04277329733493327,1
0.2635003911852237,1.6540412010327323,213267.2702745635,1.0291562155155745,3.697675132719032,12.140433794915152,0.07126109831921944,1
0.216900084460876,2.316791760852057,229802.15390170083,1.0514021879627629,1.9958870845469128,15.892258949983404,0.10867352474006042,1
0.4579250148158582,1.0186140285547478,514288.9871728342,1.4132662677069243,3.1897952651985717,16.846283906754074,0.14355937505203845,1
0.298366726345519,2.6585091906347733,382278.1720165337,1.227534208916479,1.5544535885444273,19.218539045830585,0.19194315516676583,1
0.4291345116783711,2.0607965136315736,392759.09898752574,1.5593455901923718,1.5938273242477936,13.7285310887053,0.26924780692971306,1
0.187090441340572,2.6678815708434858,131062.58328339356,0.9275620046461932,2.4705218255930816,10.507959333273398,0.07572911900734107,1
0.4696922249341992,1.4091469672147532,442349.5110100095,1.31109653814144,2.7106727172597216,14.126788379517452,0.1732751511990062,1
0.4643402920039623,1.8485674987815008,415735.16226222384,1.2101745939960205,3.477426853289418,13.42986499625181,0.1335298516961548,1
0.0506332741486899,2.330368232195475,46535.001282135934,0.8845350269262353,2.867125640351885,13.785895361659112,0.017659942569686494,1
0.2206922657553089,2.9091294434094337,136767.07330150122,1.0509547553497447,1.6300062831496662,9.29577705182071,0.13539350617033485,1
0.4416319897959703,1.1348042253955244,430216.9921003076,1.3605983800554262,2.153015299661261,14.612290392473504,0.20512255062258652,1
0.4372955484720297,2.643049366546557,210613.6803111964,1.10658061669819,3.933259842882952,7.224416566111043,0.11117891162550457,1
0.4925526574543205,1.1004537697513126,653596.7611279129,1.4303840185717998,2.274575942043821,19.904372189541817,0.21654702678853496,1
0.305676231115743,2.970012333615479,404429.40029987023,1.2565109333254123,1.7181731076840043,19.84596899260061,0.17790770309970483,1
0.231739549998037,2.851192083849245,169007.18935451916,1.0156115860620727,2.702733600417499,10.939469936570005,0.08574265327601638,1
0.3653289137615433,1.0986268301504845,262486.1100672385,1.3185871386028618,1.9402039536357767,10.77738854685484,0.18829407757723002,1
0.2930021779664633,2.249196475959517,301248.1112029568,1.0593738268208548,3.668038154535391,15.4221436147876,0.0798798064857033,1
0.0718319138455238,2.945637020823345,72408.46946348567,0.7276350700260246,2.3985030835424257,15.120396823729717,0.02994864352620842,1
0.1379450777600749,2.589754042422342,85767.26718979313,0.9421143682263008,1.5310808794531214,9.32624076724576,0.09009653220236592,1
0.1478884125948074,1.0506986290779332,59675.22293372699,0.9120171248170948,3.987352289723575,6.052728055567312,0.03708937707258864,1
0.3229232331905825,2.74583657345222,258585.3811446548,1.108804979252058,3.580515016006135,12.011463773746646,0.09018904591853531,1
0.233382765144536,2.6147100306113256,148203.2953577402,0.971341959630905,3.615628428173546,9.525336753077497,0.06454832673788621,1
0.3340054523672742,2.702094970765653,355162.670306689,1.1797426436704015,1.9366270126151048,15.95015894753195,0.17246762034794366,1
0.2515072975842828,2.7558356836267803,193872.18710637285,1.0530883183156363,2.434672347830408,11.562618001654853,0.10330231819834267,1
0.3453668254011939,2.776389784123123,345283.2996988152,1.1069964112303388,3.5340741032752323,14.996372304913118,0.09772483974830136,1
0.1116903939418294,2.4939356487949715,117800.77361846124,0.8723551554627762,3.8547451975871256,15.820622901529145,0.028974779970344578,1
0.4517940463396362,2.9395924233707422,335243.60178678617,1.2983453811683736,2.275223252859061,11.13041233620308,0.19857130317735142,1
0.4383385411421299,2.030268110028529,500258.9657714833,1.2476231843323249,2.825201127388354,17.118924717457457,0.15515303915630768,1
0.1839995596685757,2.7344619824880403,127182.75450094302,0.8943997471637473,3.7265090513719503,10.368184146475205,0.04937585207282255,1
0.2613136815126277,1.7347917137248654,107281.04674656731,1.02837889401848,3.0379169518346547,6.158176226684657,0.0860173881168198,1
0.3901985053630927,2.891551718516005,137977.2366858484,1.3481724640141135,1.9499938346874404,5.304117063087774,0.20010243028570224,1
0.4257426493797684,2.774041991973971,491591.04946888913,1.4528135919053766,1.6028433648992677,17.32000717516968,0.26561712685289407,1
0.3197817654322745,1.7700805463977958,418263.937744941,1.1295133066779532,2.588858735622683,19.619502249270237,0.12352229228736163,1
0.3211595977625628,2.02339818395377,235486.60911679405,1.267651411026125,1.7593089731418077,10.998578779399836,0.18254871808505008,1
0.4187023378321506,1.676278461529643,449366.5037894301,1.1806492976446452,2.967696151973802,16.098542921304592,0.1410866599512465,1
0.3957974769762261,2.90463518517514,360497.3434244311,1.1440257060439496,3.553387547795161,13.662189543697544,0.11138595823070697,1
0.150700433479194,1.4175194028534868,162281.7701583335,0.9201643315435768,3.152153939747847,16.152750832737826,0.047808716312645924,1
0.2153711628646212,2.8163248252763893,243460.8215370364,1.0586758954917028,1.7019828777283337,16.956366277091043,0.12654132170358898,1
0.1940138154197441,2.1105538556854437,156706.31965192602,1.0553867818762914,1.6584080044108578,12.115605219625396,0.11698798781947913,1
0.3140688241555104,1.9046022586676408,406192.7009937335,1.1208379402880984,2.475733152703288,19.399857758212644,0.12685891603970897,1
0.3722730591258224,2.427962960872716,221486.34680424567,1.0749064466930809,3.644843582435492,8.924350340755659,0.10213690950135884,1
0.2744427928222157,1.3193490260555802,271640.0344268034,1.0885790221837732,2.455722542291047,14.84681187835594,0.11175643343086163,1
0.0673352776521883,1.69873138731548,33906.90089238411,0.9132113660745784,3.7170308472598577,7.553299416286469,0.018115340017107177,1
0.2468141279290728,1.4076875664276784,317717.3267351648,1.0785133777917293,1.963267606722964,19.30910495689701,0.12571598853049312,1
0.3669807078299827,1.4975970643245495,240335.89379889492,1.1609411788711328,2.9629298695310538,9.823509329143238,0.12385737225973059,1
0.3613828692669643,2.959338048969673,296291.6589661327,1.397540843956177,1.7064595438215822,12.298244500374471,0.21177347601083735,1
0.1215434365685761,1.836032902096285,96423.48548163367,0.7926414772437564,3.899917100990512,11.899879771858,0.031165646197378438,1
0.1931062238762625,1.8736614446634636,180569.67385330837,0.9859762161555722,2.44551348900123,14.026192700734445,0.07896346707747208,1
0.403586576292428,1.6154251253541778,209036.5139337373,1.1522725278657548,3.284135280317789,7.769207137192109,0.1228897538756001,1
0.0897473793408416,1.7559273578243424,38963.09830614917,0.8801813658533059,2.348843597301566,6.512128586759428,0.03820917639809927,1
0.1275135003518865,2.5869853419737527,169352.18359257607,0.9118248585456168,3.657232295799552,19.921676896002936,0.03486612007072666,1
0.0748434501499466,1.7412895169456006,54177.81096847565,0.8398104560466937,2.672165311023403,10.858226910958535,0.028008540430188644,1
0.310207657729885,2.4698551983475543,145205.0247295363,1.0809019133838682,3.448634064042496,7.021346239104178,0.0899508767730082,1
0.3073545322732652,2.6536217295644366,392413.0005346335,1.10068136526849,3.546681894766698,19.15115734420392,0.08665974039757605,1
0.2482174199865337,1.1880663316960285,217561.27504739293,1.0451543506302186,2.442427084740572,13.147421828362976,0.10162736138053378,1
0.084326915425498,1.1523496690234325,65682.99661528757,0.7462099482697285,2.917650995559126,11.6836355777743,0.028902331208855898,1
0.2227887771098529,2.9168158857747586,144432.3764290919,0.954791104774227,3.242960192848197,9.72439309798862,0.06869920192087958,1
0.2460655632592686,2.688153801481836,299948.1267222049,1.0892516463545745,1.6890022900355026,18.284646747145345,0.1456869328780462,1
0.0580058464128757,1.984384106836488,68423.82336019371,0.7719087410286307,2.1960095128209085,17.69403282382037,0.02641420543682602,1
0.3919153352332195,2.9284413743132984,425832.9890537873,1.4288540629755142,1.681587092008954,16.298149782798784,0.2330627637995289,1
0.0625101237705553,2.1511824105316744,78628.11743333528,0.8311530052593897,3.0948842995270907,18.86769198904677,0.020197887132681204,1
0.2068324552305322,2.5370754560933886,80202.88610433873,0.9279197270725048,3.1271503309067925,5.816511196099217,0.06614087374896241,1
0.3364398545858935,1.4484865370647568,391809.5203435637,1.147469967120091,3.332414902565753,17.468628419148878,0.10095977374451652,1
0.1180317740201376,1.8055929009765288,115371.64124551752,0.9246946301498252,2.1826617987168677,14.661938558913006,0.05407698713997997,1
0.3297229320373244,2.334491176068468,140641.707404276,1.191516135576431,2.124344456534869,6.398176790522206,0.1552116141160803,1
0.4388186978296634,2.530491421278577,542333.7065358367,1.1569403887820549,3.11556214455756,18.538420623989275,0.14084735834790416,1
0.0956496979788156,1.455191647593418,67429.38335833444,0.6836097413623886,3.922389938493168,10.57442701595387,0.02438556581030813,1
0.4303448331006649,1.4347234700456013,203172.6171352803,1.2244641321062448,3.56209505313126,7.0817377661330525,0.1208122822894269,1
0.3495534156495009,1.0932617517064254,429480.3344214116,1.1811592137792926,3.625225508040721,18.42981566737373,0.09642253009480216,1
0.1424728073385053,2.086820904201702,64084.79962704059,0.9588526179249374,1.980616446013677,6.747055893421783,0.07193356776636674,1
0.2444366008871279,1.8293899231969892,278252.527400562,1.0992979970097894,1.629446539629852,17.07513480330114,0.15001204086306172,1
0.1067885223317902,1.388061725566997,140679.84615678847,0.6950673697883291,2.53523500433616,19.760528999506864,0.04212174498582718,1
0.4988807629291772,2.407604301979581,605554.6026840729,1.19093445822918,3.4505948197404104,18.20739486310999,0.1445781927437972,1
0.3249784250228779,1.126962240640582,185641.6462529124,1.1572823026883807,2.857592543298369,8.568644806490317,0.11372454963357805,1
0.202012719900165,1.0326168121687915,84057.4565851676,1.0432209147774556,1.792288177988489,6.241497314627681,0.1127121867906794,1
0.1992512198089694,2.7589869781023992,84684.30075902614,0.9384994505700964,2.515740334211026,6.375190639250532,0.07920182266007099,1
0.2785353600735474,2.179448825856289,311604.30365515937,1.0608722901898449,3.0272355087296776,16.78086600420572,0.09200980870841777,1
0.1997741949259449,1.6010594822899216,227091.57157538907,0.9715535360047796,2.3381437368145583,17.0511190141127,0.08544136606336845,1
0.1450356305320161,2.484959940113024,53632.52673243399,0.822588662682208,3.04896593236243,5.546829410369763,0.047568793403879775,1
0.1436526150289357,2.9875173786502254,130083.34547520368,0.903026540109124,3.859498021771751,13.58311633752729,0.03722054376465004,1
0.2162619141699638,2.1846140858557286,103583.9095938482,0.9771206294610332,2.74793216034345,7.184615237829617,0.07869987377815554,1
0.20401288237413,1.946642711417054,271392.55009599554,0.9975914630358744,2.403757967980672,19.954074488171365,0.08487247264145956,1
0.3123951266300502,2.607018964107908,211776.6684114613,1.1630135801953043,2.2407433267529893,10.16869264395992,0.13941584602763715,1
0.1346429752557389,1.2460718769616546,143990.82263484137,0.9022011110257738,1.7891821156114494,16.041403834252844,0.07525392417066774,1
0.1908170887877806,1.9342617476612087,201706.98639765437,0.9596913418841296,2.644371680735657,15.856047355013237,0.07215970817487191,1
0.405700377158005,1.457929353914849,274396.30916230235,1.4745777601244805,1.5773512716690874,10.145281762534644,0.2572035693284158,1
0.3863796831486049,1.8233549837485925,471171.97785706376,1.1937624730526322,2.660560055856972,18.291799429675773,0.145224943258855,1
0.309601025103164,1.5871691309865938,168678.98659573117,1.245780142263652,1.7798497271061942,8.172404461816202,0.17394784536475183,1
0.0948624105900863,1.0083173365669058,78418.06476121917,0.6371261451563072,2.909749466551516,12.399758387978547,0.032601573324631386,1
0.1305814872812096,1.2583981950190188,136362.27241754686,0.9493240925644316,3.0990638052769235,15.664043417259618,0.0421357853487438,1
0.2498102564913323,2.3647267685251845,224791.7853009468,1.1215053874006335,1.7276562035149303,13.497751561018054,0.14459488871865325,1
0.2386918366908704,1.1728221718780163,191929.22149358492,1.060567786579382,1.921245807076276,12.061318737650351,0.12423805210750632,1
0.0854248877156622,2.567990764909653,111509.08642206831,0.8041227655153215,3.313595518070179,19.580198945047663,0.025780119284267145,1
0.2913857281545239,1.531152181555678,249276.34305604483,1.178467282876124,1.827810051985398,12.832286500517204,0.1594179481823157,1
0.2096309454682728,2.998428290433719,182271.93288327192,0.9375797299896884,3.21840421752696,13.042344426495353,0.06513505802865073,1
0.4827929420203338,1.6643326063694832,450296.27816781617,1.201394348709241,3.831959353940426,13.99035401025553,0.12599114380581178,1
0.2542441432041138,1.506166951833854,277907.9862971595,1.0522875206742652,3.744238366449212,16.39612909828454,0.06790276641634388,1
0.1521744944245169,2.1521997556215022,77098.88895406768,0.9689305365259528,2.5341138224937536,7.599718590717352,0.06005037858748035,1
0.3778464378844545,1.2821556022793803,262230.5026457062,1.2092326047609918,2.22700152321642,10.41020146096612,0.1696659988533539,1
0.196035340358582,1.4463874391835236,241948.7177259521,0.9576927904380484,2.156401087324892,18.51314543209811,0.09090857053952438,1
0.2473897153452081,2.1406159697547684,309547.0804127731,0.9842022398878396,3.6327518365578864,18.768792387801803,0.06809981151358123,1
0.3050060038530789,2.694790078875448,355465.66707096883,1.082553662696076,2.788168322557217,17.481573932010022,0.1093929664810686,1
0.3218967610792814,1.7250015255243083,149150.77343911753,1.1062894697260155,2.7523429309420138,6.950245768505071,0.11695372602755913,1
0.1786822101991915,1.2266938126293128,117740.4470565854,1.014778221073406,1.88110924288728,9.884065704582223,0.09498768392894369,1
0.2971918738100299,1.842367373327076,135654.19165664786,1.0839300998079864,3.1643709649084384,6.846798496752993,0.09391815217171581,1
0.4158419592634237,1.068371654692362,414384.3214833727,1.296623499554888,2.811764641009283,14.947420970362169,0.1478935872506588,1
0.155342369778363,2.9495597580684514,191198.9801566656,0.9942880128077598,1.8118726092154305,18.462346792069177,0.08573581221343629,1
0.4540174486888469,2.4373300403074127,205226.010423345,1.2472072553994653,2.4516854514289497,6.780334467849709,0.18518584772945715,1
0.4709523627269584,1.8954453820150663,335678.96919540624,1.483045719367129,1.7616263172632536,10.691494377002025,0.2673395362636265,1
0.3371807057808333,1.3711899103683032,265108.05183492205,1.2142325064290769,2.386493044493782,11.793737628951478,0.14128711020498924,1
0.0994790951758879,1.9503997542154607,80138.67967822382,0.8377805132536863,1.9119488627778336,12.083746771600325,0.05203020703773251,1
0.4398254326387435,2.079013278491096,578809.229172316,1.1898193853208536,3.2493531859827085,19.73996452523456,0.13535784122701522,1
0.2655099064381628,2.98204070297563,226763.76125346427,1.144965147372597,1.7833294436652063,12.811033924996552,0.1488843844200042,1
0.2363196160123118,2.213020033896881,276447.6318240927,1.0992271799370414,1.6161870495401869,17.54705998314314,0.1462204613504024,1
0.4178115579544897,2.496095486437233,422212.7769938874,1.125011216647111,3.8615728613961946,15.15800971594509,0.10819724836253,1
0.4780004514022436,2.632256250002257,572465.4648805131,1.2350999165801178,2.548388921630885,17.964380468715582,0.18756966307024245,1
0.1237932436704799,2.5746554801258825,147033.978232335,0.855025960805962,2.3108041306688283,17.81607467492958,0.05357150007977949,1
0.3789674531321519,2.010174191221943,145846.71606016063,1.104238894977899,3.1417759040282034,5.77279321171553,0.12062205093821675,1
0.1775396118775078,2.8549687663611905,74240.21453743719,0.8954735001759996,3.9179500880588742,6.272421158777118,0.04531441388664264,1
0.4772802154993107,2.768349312658977,561990.5734384238,1.187329312678421,3.06078338557119,17.662283765015047,0.15593400622509024,1
0.4071030290520848,1.2127357759329886,204207.84338117097,1.2235730580818094,3.6491615024016113,7.524182902421169,0.11156070477674374,1
0.1763422983266271,2.7082683968703467,218553.65247935185,0.9260616964645544,3.7546517968170434,18.59057536563401,0.046966352106503975,1
0.1916028920684938,2.5475526207904773,234075.1745930111,0.9652327289771522,2.6391182180999597,18.32502412145228,0.07260110242671843,1
0.2064758022343868,2.432837048104416,130656.25010027726,0.979728013205184,2.9005757547024684,9.491881035431874,0.0711844198172188,1
0.4602755038368955,2.0369026563952675,327302.7968081696,1.3685577720409072,2.063049687049217,10.666528874980717,0.22310441998865682,1
0.4802012514364893,2.511229636707077,449960.7726697438,1.3358294687977117,2.342885998337266,14.055381092522673,0.20496142440446766,1
0.0774849120027461,1.5143008923007382,98191.24339414811,0.9058648886972532,2.781638677843883,19.00845742536329,0.027855850804751742,1
0.0829250006017641,1.8827138172710365,106296.2255117216,0.7472354825601158,2.380993052830786,19.22753537660999,0.03482790531588227,1
0.3820143208217352,1.865088626804125,145692.62365264335,1.3525268028152957,1.678408368061855,5.720700077653502,0.22760510975220347,1
0.1809578682982477,1.4644278759218547,134821.84834988342,0.9489309980253586,2.0306046561017053,11.175682739117644,0.08911526315794295,1
0.3563125819386177,1.7840318319778878,208562.04325677143,1.1351489924045794,3.052417702986822,8.780017342723275,0.11673126570782308,1
0.4573188541447883,2.1297912602857627,441007.11426478514,1.250588079554652,2.426569185421924,14.464977015527593,0.18846314248619753,1
0.3646819960744383,2.096850144501474,297459.8330381194,1.069799936914104,3.900893846067011,12.235036397741542,0.09348677776559358,1
0.0966678226386607,2.408556796105518,91804.18260930423,0.7494026336163752,2.167305291168679,14.2453062617015,0.04460277148427685,1
0.2551135142903253,1.9193858979117813,262834.69146771193,1.0346094113619515,3.6846624075990633,15.45398479960178,0.06923660462467117,1
0.290268645484748,1.7893909695741366,377838.9451788125,1.1250851162883724,2.3591599957571106,19.525306180477514,0.12303898252207938,1
0.3622524736087399,2.3079979250233373,352276.2940673383,1.2262268728028018,1.9861268805935388,14.586910500209171,0.18239140567922002,1
0.1091682932366084,2.2729906843422656,123177.31185975428,0.7807607404461673,2.861248670060258,16.924874641868275,0.03815407391148191,1
0.2529817883259284,2.238528382639113,307852.2618954971,1.023471608112103,3.233958103292825,18.25342432350564,0.07822667463389264,1
0.2734236582704857,2.839524358607864,208666.3732623761,1.169353069150787,1.6391185431748894,11.447420529496672,0.16681139958363106,1
0.4929627201086354,2.723628975690302,278299.3284038505,1.2039873481497398,3.306311012219468,8.468165554461837,0.1490975042235117,1
0.0615012818709119,1.5093757044836198,30797.084622940027,0.7708904232013977,1.666326374346097,7.511327492550854,0.03690830489017877,1
0.2127765098679884,1.2893858406972254,189463.83759883288,0.9598573728578164,3.6530354091165145,13.35653811478396,0.058246495321940595,1
0.3387421881396914,1.0847075695087725,137711.00262431998,1.2614857579988552,2.0700480577131977,6.0980448012957735,0.16363977004181401,1
0.0701902214142713,2.5137963649260384,48127.767067862726,0.6641947590868833,2.6814473361412867,10.285143592254837,0.026176244622905,1
0.0668658338101913,2.386325375650741,44386.711484216445,0.9414578568981278,1.5958669425767102,9.957262690438014,0.04189937896841747,1
0.2868124242208513,2.3920976174166864,276942.5247750324,1.032456563726459,3.939038496604824,14.483814231236774,0.0728128005014583,1
0.0562990392814795,2.7311508914446367,71136.33076160314,0.9291171165042608,3.391768546183857,18.953164655068434,0.016598726745320702,1
0.1255760800115024,1.251802163451416,109518.69383866436,0.8897024271022163,3.467569039621889,13.08195324642632,0.03621444261862353,1
0.0509580122505416,1.3837620532312669,64966.5215092149,0.9074347356653876,2.9970711433742263,19.123544651761136,0.017002603479465944,1
0.1533452356832567,1.6564389441527054,99121.35155677992,0.9310561643955652,2.7426195412166066,9.69590132179138,0.05591196058321449,1
0.2987948992388989,2.898458522076572,231503.8795867425,1.1369977763869474,2.7373904076461537,11.621879097155146,0.10915319144989213,1
0.357516725343292,1.073743619451811,255974.83522494035,1.2513120777743398,3.264669603945403,10.73970042852471,0.10951084450053615,1
0.1650137133563232,1.7943090638629118,80028.52507931393,0.918001784128043,3.349326539875383,7.274715851024808,0.04926772931565603,1
0.0874783673388481,1.6509407712907138,35001.17628470611,0.8081420091486039,3.8489730485116382,6.001685447979746,0.022727716259970998,1
0.3183004710922434,2.100281333516322,248635.21553501484,1.2058975979365814,2.004462985218557,11.717005068284696,0.15879588370524958,1
0.3828240621413762,2.285281891963164,454375.8504227733,1.1464630502309097,3.019504215147006,17.8035772313199,0.12678374821302849,1
0.2824211556365559,2.808720764567048,192125.8061298309,1.1593009442477096,1.8200166139424043,10.20421818419342,0.15517504261941495,1
0.4209257463024029,1.8147184111856107,262915.19478238706,1.2038749372907998,2.944723647952494,9.369177239404452,0.1429423594961375,1
0.1043808251373521,1.992775236138221,41438.42047921001,0.8913107498204622,2.1051068292804977,5.954889764190245,0.04958457389691159,1
0.3163602424073503,1.5343949401432555,109677.49616326686,1.1797559413705705,2.230256772506437,5.200281899931871,0.14184924637705015,1
0.3999962062057001,1.0375217229747586,219633.6750297472,1.2853955226343454,3.0307380884103488,8.23634093107371,0.13197979981684987,1
0.2440771944876248,1.722365322490533,316926.98680867767,1.1254459301374766,1.5268342540892763,19.477054429889375,0.15985834338856353,1
0.3933512244078113,2.5580253116949176,227904.38106227637,1.4028888659006755,1.9330963381939144,8.690873458143628,0.20348247349913148,1
0.2854422274779005,2.24166098918878,142457.71567585343,1.0422066731742905,2.888394571867941,7.486158421683567,0.09882383461664776,1
0.4629261125097994,1.1595868660835718,583102.2146680667,1.4392220890844507,2.0570533441693626,18.89401566181007,0.22504331928092455,1
0.2561659075476599,1.1162688815213722,99021.0210603254,1.0633418083681256,3.343353687702012,5.79825524061408,0.07661944606397011,1
0.2091069149246959,1.3657493103577003,232907.9353603504,1.0008775306917204,2.558712888188273,16.707333813725796,0.08172347741319134,1
0.4311940581498332,1.113728263078286,322709.8146282131,1.2896655491210671,3.011706232950917,11.226145462656508,0.14317268179484507,1
0.0643526816087092,1.2282179204359125,24231.89697007209,0.8965649264478175,3.105380497997273,5.6482254579720514,0.020722961856111236,1
0.3258010408789582,1.0067171378132238,280398.0176309799,1.2145779391892644,2.513107036062201,12.90962807582712,0.12964073404110052,1
0.2497148242085755,2.363335749470344,261672.94439756087,0.9813369329118966,3.9730545164423896,15.718306585935638,0.06285210111644246,1
0.0542566923906206,2.61935764674966,63034.53093493233,0.8959640850573133,2.3225170476057686,17.42675276289856,0.023361160016695085,1
0.1622023555399285,2.04048494552087,149321.41429199875,0.936785121383732,1.8521746104468464,13.80880818237326,0.08757400874898959,1
0.3147558891062686,2.6842899805615,237999.0597908557,1.0555219093705248,3.421655261705042,11.342078164127784,0.09198936334381708,1
0.1174090044506579,1.3407561483910402,89978.71599057944,0.8988041073372145,2.522178036598204,11.495547093459134,0.046550641051895644,1
0.4103789202277247,2.4679815248046264,222120.1551684768,1.191359125363371,2.49659790597165,8.118843740020298,0.16437525612199433,1
0.288017160868623,1.1961383361860731,302823.02101377305,1.213107917253789,1.620721789391488,15.771092602633336,0.17770919275217567,1
0.4814935987875513,2.875893870251176,295563.1186960397,1.4133780498307502,2.085739273314654,9.207696201163328,0.23085032963988947,1
0.4149532242658046,2.914136970238571,139973.0121506827,1.1305625417475444,3.746066751437532,5.059835806734961,0.11077037645059812,1
0.2766311516365115,2.737622909222794,158669.27670809475,1.025259068722707,3.733127680317755,8.603655577260334,0.0741017118420566,1
0.0569440425788839,2.1947848135263603,50428.77086075453,0.7063756276780631,3.27988014822236,13.283769972309956,0.017361622987884667,1
0.2318160701333139,1.921571154278024,239346.23836894552,1.0663421679562963,1.848150078160764,15.487250618430016,0.12543140996645244,1
0.0691985023332843,2.834493063968501,30315.58041971465,0.6119374144146031,2.094799524950636,6.571438556654911,0.03303347242019017,1
0.2557241426366113,1.1515264036672854,121147.73532294664,1.0690336474600095,3.320811415709065,7.106157483247473,0.0770065235944778,1
0.1146303731272889,2.4426234356877465,149608.65228841314,0.8781537042206422,3.990263401021352,19.577095695520853,0.02872752036819123,1
0.4113315883006095,1.858145297141274,354548.52935234056,1.145153558047873,3.769183041499253,12.929296196912643,0.10913017058916719,1
0.3240844455225339,2.0059109964240704,289376.5182932701,1.1040977889106711,3.789301881729104,13.393570207914353,0.08552616171468774,1
0.3907355053446538,1.852764121589973,487397.412609892,1.2164046018902346,2.7695963235999863,18.710767486306736,0.14108030907434432,1
0.3322120312781258,1.7678564044559706,340272.86780082114,1.111872617248374,2.5700322850160657,15.363961977461324,0.12926375797495054,1
0.4670134974788585,1.3045143636530352,171891.2596530684,1.2806837773355653,3.177854869393213,5.520972966980998,0.14695872425666537,1
0.1686942460559726,1.5757607026507308,213847.60890015977,0.8745312205033976,2.379221211645127,19.014958770070194,0.07090313638357651,1
0.1260994855506314,2.5797475313171843,131823.87619466195,0.8861040166188516,2.113446729074594,15.680937430359153,0.0596653248061029,1
0.0801185916623217,1.2363370205684852,87345.16341341572,0.8733681675614919,3.763013833492636,16.352976556593518,0.021291070191990162,1
0.1083295728574944,2.0508558107926387,108048.41286970048,0.8409379527511239,1.92952856973256,14.961068804153255,0.05614302610326692,1
0.4964371632266252,2.183838403084631,184635.77321334876,1.22985822525002,3.7984911756665154,5.578826089891115,0.13069325168025858,1
0.0888194272635489,2.8571686244223944,30169.58751640337,0.8588051123002023,3.3851205122981605,5.0950994246252295,0.026238187662999724,1
0.4226873097619345,1.327819541017163,342994.5143934636,1.2030433356050474,3.670812621281061,12.171923776939668,0.11514815747103505,1
0.3445656455092611,2.7900682464421127,221356.04309780293,1.3217349554339717,1.5730682927138842,9.636307884262944,0.21904048737439785,1
0.2670420608100348,1.4922264705948889,162115.75082683534,1.0493443772555229,3.411021057174165,9.106191942296274,0.07828801298320445,1
0.351008891875327,1.1218260176196806,344527.6847446307,1.2210981037990467,3.5851409809067665,14.723032352710383,0.09790657989314235,1
0.2395745608733846,1.9664339726332625,248475.67262881307,0.9966931273720632,2.824612819573698,15.557307402942463,0.08481677885663005,1
0.1244872756081548,2.203803529425,131835.2776802499,0.8471933380053702,3.269683357606487,15.88539194502387,0.03807318996763144,1
0.2010031661964635,1.7819369772948477,142201.8968339319,0.9735512998936326,2.390114036350428,10.611914692050794,0.08409773054317701,1
0.0813243881830169,2.045725721141185,94946.90923512696,0.8736707669121497,2.5673139055815284,17.51262653611113,0.03167683858456565,1
0.4632981171405149,1.1702157084283191,388925.7804784974,1.2977953604056678,2.9369388949570303,12.592079465343662,0.15774864023764215,1
0.450468341616034,2.47936990663473,510345.3565631779,1.166556297520533,2.9851213198780515,16.99382540620961,0.150904533968635,1
0.1694966639378749,2.9742486337372966,172114.0222746151,0.9498934035461066,2.763108450888133,15.231629190445265,0.06134274747102105,1
0.1754121273034795,2.21730858642126,202857.7777351195,0.9572829374072674,2.213856771986689,17.34695720759573,0.07923372890382005,1
0.4137222768537266,2.288204627571977,370958.92116128025,1.3148034740747507,2.019547104707323,13.449562976727302,0.20485893886277246,1
0.1903034188734507,1.3460094091905384,239077.08786729624,1.0237628127928404,1.607459035426109,18.84441351205671,0.11838772539730982,1
0.4832366093989708,1.2071925309935618,276281.9134266204,1.302964403848543,3.401911055457472,8.575982491379785,0.14204857255857548,1
0.3274063041077011,2.301838093231317,344093.4555641259,1.0888832024524633,3.433396329405233,15.76451573688707,0.09535930976090304,1
0.0586204105435569,2.551732696981194,49835.99078710974,0.7368498357462149,2.078860161138884,12.752211301065511,0.028198342360576216,1
0.3472502838984386,2.599324507833549,249832.68715256857,1.134528139220823,3.7140604821048178,10.791899909244046,0.09349613060195677,1
0.1823929201655683,1.978097755307068,81203.63928538164,0.9091020772071348,2.8908889322695317,6.678190075442773,0.06309233057334314,1
0.1574166346432995,1.2608729718097045,150565.38944724697,0.853856141662366,3.336810316278767,14.347154904094737,0.04717578157659605,1
0.2519261519177938,1.631796666152206,243705.942440394,1.04295477189555,3.227654974604937,14.51055838696241,0.07805237979274082,1
0.401506999259595,2.5320207404286816,510058.74158618215,1.0827256618741985,3.5926102670963007,19.05541158161988,0.11175913038407861,1
0.2032953312302473,2.256157652149973,72493.388873078,0.95715874053671,2.792874591162429,5.34887263035375,0.07279071243425694,1
0.0969690893349316,2.369976950741029,35283.19099289227,0.7878753281221939,3.1827014526777324,5.457902807206528,0.030467541733563377,1
0.0742003481672595,2.016175813361909,25452.536376966484,0.8115909981401875,1.5190116650887269,5.145367307359336,0.0488477803512624,1
0.4722293938965831,1.5534757382285125,400751.80179645977,1.3032652280423211,2.4816873520281693,12.729569790954924,0.19028561092139654,1
0.3527358575154942,2.5170109207992315,419594.80792215926,1.3196263595732722,1.5686370675129206,17.843159363393966,0.22486773060562573,1
0.3306060543723685,1.909019184628876,284014.0813379993,1.148401304006444,3.084007081682344,12.88606534492446,0.10720016057551364,1
0.3269378034917973,1.5578824345838949,359490.2428094482,1.1912069902270208,2.2511972698863505,16.493515233018975,0.14522841150580396,1
0.1602047842772825,1.1411798872139032,90226.28837899936,0.9130953452610884,3.982594384491184,8.447902051055694,0.04022623667153848,1
0.4507626582015416,1.711299277728576,332941.3986827815,1.523125129635349,1.742607975369567,11.079269521054222,0.2586712930118119,1
0.388267316641863,1.6949062811914932,476293.9885469857,1.1078541859086084,3.879363619008355,18.400750003881413,0.10008531160611134,1
0.317461498625624,1.0150369877151428,322100.1546814552,1.2776579044254002,1.919118222117911,15.219175683157475,0.16542050144012393,1
0.2889792639145142,2.2944317599103385,131442.6456208919,1.2028597815677415,1.646241096453846,6.822772186507571,0.17553884697508884,1
0.4758960099242589,2.32100803948419,567126.7917743747,1.2942209747681015,2.492758796834147,17.875547807113435,0.1909113751914771,1
0.1289273318340464,2.4825229086346363,149666.75504182628,0.8958470868307458,2.9211842225509006,17.41292008212138,0.044135296513912306,1
0.0599629969873807,1.4380082725888443,68720.43298514483,0.8245727022494358,2.7556641386169662,17.190710047299774,0.021759907583467478,1
0.3134175379050994,2.954908782679417,324409.5775939515,1.161256355860309,2.0428058914909903,15.526073290074486,0.1534250215405166,1
0.1968876936609731,2.526156274435708,75047.88406810144,0.909346423498499,3.2099209722227995,5.717565379987283,0.061337240189010864,1
0.2696010533263997,1.9975459340610808,171885.16913053018,1.041823388312057,3.1354569587672216,9.563306616003803,0.08598461304740719,1
0.2814862955189363,1.268608652531105,173210.81433518737,1.2344020697716778,1.5106354399180646,9.230155273591375,0.186336350969102,1
0.311403053567026,1.680653547835869,400189.0525439889,1.221953159872452,1.8788741116694725,19.27674028690213,0.16573917945483269,1
0.4050705194300453,1.9900227418658616,205985.89690827392,1.2095002214857349,2.327159163243543,7.627779128364111,0.17406223253998104,1
0.3398990908936348,1.1387426082294805,446127.7571918138,1.2043775384558817,3.408659574475897,19.68795015097972,0.09971634992206473,1
0.30812727095473,1.5032981510136838,143497.7532090194,1.1861491356553355,1.8386764414469023,6.985640353954684,0.167581018611549,1
0.2345456358292916,2.5063884815659696,220394.34636402692,0.9563335524834304,3.316593352636552,14.094976373239938,0.07071884035552255,1
0.4949543305416265,2.592244778583172,281452.83585651143,1.723848101269419,1.5072149910905928,8.529660773404652,0.3283899997461455,1
0.4367333303325919,1.607320800104909,234500.8881124385,1.2441868983456217,2.9497102732773093,8.05414443410544,0.14805973803228964,1
0.1036130386550899,2.7622699376270305,116132.31861325646,0.9103040923236266,1.7961210445678146,16.81240895750211,0.05768711355421006,1
0.1888053355910937,2.266486727943105,206867.03584480195,1.0229184880973556,1.503934625328005,16.434946226267577,0.12554091940659698,1
0.175096124801899,2.2537153305517768,68523.02409066407,0.9109573423934474,2.4898067784508657,5.870177666826429,0.0703251860013178,1
0.3920780433346682,1.091439778381242,504987.8612044862,1.26928185378225,3.950927630619845,19.319668741566367,0.09923695901085303,1
0.383688269250426,2.4228951705461736,422595.90790880576,1.0853861075715037,3.808677011973269,16.521064433415823,0.100740563729671,1
0.301644288811617,2.6610116967974804,198056.69807177785,1.1942461709377812,2.1340558178976217,9.848853703747809,0.1413478908479459,1
0.180324053755343,1.18235980485234,167408.25309589508,0.9886077946341708,3.48069092791092,13.925617487755824,0.05180697094055745,1
0.0532369810370757,2.024306612129097,18038.902883988645,0.9313519230897964,3.4963509237684858,5.082623732389848,0.015226440994571298,1
0.1268219728232888,2.673238392181938,70179.14016315805,0.8927693569982501,3.8879407827984953,8.300510384853922,0.032619316987642956,1
0.4755128017336624,1.3299243414300517,289926.551748862,1.2910512608321858,3.0595547899746247,9.145701777906654,0.15541895287895996,1
0.1542331622544777,1.7621446875581483,68287.42261473976,0.96581801202034,1.8060196977618703,6.641317108774758,0.08539949062881919,1
0.1154707444848942,1.4754598476157752,54207.24870012972,0.8855082530941619,2.722989761009215,7.041686048956889,0.04240586804193401,1
0.2617208841756037,1.3116088480102182,228847.92207338457,1.0189630580507612,3.123997187643392,13.115953057829191,0.08377756715364862,1
0.1094831555977485,2.1047891175788465,78258.6988387474,0.8062957681263498,3.463629328031557,10.72201907382135,0.031609374222492145,1
0.0916444625308282,2.0022351090060777,36802.58116042387,0.8598268821185717,3.622362711849637,6.023699655837449,0.025299637231533077,1
0.4268977794729087,1.064613315797967,500552.56340498495,1.3259851501078526,2.849824415944452,17.588024140920265,0.1497979233683531,1
0.3504542525867753,1.241442998638575,291496.4655235673,1.1611659605625682,3.043945328057556,12.476512841774849,0.11513158576025147,1
0.3686743439696605,1.8845960115197915,468819.7788854877,1.1365260481461057,2.5838616942660035,19.074548577378167,0.14268346668392004,1
0.2626160298046693,1.3354868269659554,347643.6568306224,1.0435749439730766,3.6603074427051943,19.856574849364428,0.07174698680791135,1
0.4225545176102149,1.8765303058420697,153269.70686209865,1.1828429517371009,2.971905418094132,5.440825993137843,0.1421830301319606,1
0.0866779474518684,2.3970539071291923,51311.38507089114,0.8469189559143939,3.5423845475036035,8.879660844423649,0.024468813673250763,1
0.3544297061649649,2.552717976224565,139586.69134137777,1.2189979171280765,2.1435607256197597,5.9075194141490295,0.16534623998696837,1
0.3441939404891847,1.1470466458825517,269272.413704263,1.2567059258890942,2.0074736153885344,11.73491375189059,0.1714562711313982,1
0.1490739260030368,2.056063258940208,183752.8789180904,0.8711590421555427,3.236808882235368,18.489438479772826,0.046055831971174355,1
0.3986756200856169,2.170419592649808,350738.6843499111,1.2415873825613728,2.255434231248264,13.1963932585565,0.17676224585142125,1
0.1485734605361257,1.716053485012547,68811.1620089952,0.9124394440316412,2.2929381254285137,6.947185765279769,0.0647961054371494,1
0.0761180193140988,2.308465880654305,60493.3262102047,0.8805727238363161,2.6061490344323106,11.92096038927012,0.029207086129162736,1
0.1201779942432061,2.4631193684353905,88920.83935654508,0.7687890726829287,1.8571823838151524,11.098642465682342,0.06470985041131402,1
0.4449303227895133,2.620819070965669,237331.20927329623,1.1477951542668725,3.926390818338832,8.001181211431135,0.1133178899847146,1
0.21979682911055,2.645574548639138,168807.56322587022,1.0173203083606333,1.7308520229545714,11.5202455769482,0.1269876489703354,1
0.2376539554296189,2.315779160173168,116601.7718185154,1.1015114360393936,1.6506744988404467,7.359551723496157,0.1439738455986109,1
0.1345721964466675,1.6704142550585408,80668.36610118345,0.834036364172582,3.704745596327275,8.991645551369878,0.036324274622278135,1
0.4740120148599255,1.358863794757894,179061.7110840179,1.267405762932175,2.6780860841860985,5.666366214480834,0.17699655648073884,1
0.0978028653462274,2.123136300838275,111912.95786902796,0.8493525552486214,2.991103650282126,17.164061217355442,0.03269791915669738,1
0.1595788702313045,1.663077014778931,95313.10309652452,0.8746988978940529,3.890207423530123,8.959184535995073,0.0410206585042441,1
0.3598609848079508,1.2534577585839592,334615.061170603,1.4692577855539175,1.5473419354065228,13.94768015831915,0.23256720222825664,1
0.1704730754300449,1.5201106150082655,61289.766802235645,0.9075603105647766,2.650390512467504,5.392913219371091,0.06431998402806502,1
0.4354252648240598,1.902969549535272,574587.2298270456,1.1767585302013477,2.8712696601052032,19.79400173503539,0.15164903208990332,1
0.4167714795610187,1.578201871035506,500147.6371833092,1.1715823894792832,3.488992325123038,18.000786823636894,0.11945325203497585,1
0.3287010532570669,2.1753234611704686,168593.98787226385,1.2492663765807588,1.9095499930447744,7.693646835096011,0.17213534835657987,1
0.1794919004329087,1.619714781863261,139169.7068222799,0.96787745136186,3.829629711583155,11.630305307923855,0.04686925733054943,1
0.4407007471744866,2.812752990515123,218867.06570527417,1.194155764186644,3.512106953515937,7.4495130916564385,0.12548044607050057,1
0.3482321791930046,1.936471299718684,322482.6376279046,1.1848999985941004,2.2973893745354843,13.890845974167055,0.15157734385509405,1
0.4125807121271437,1.220690981617637,453084.93768811616,1.441135774573409,1.6411279139771533,16.47259279349771,0.2514007035120648,1
0.1428292313324098,2.4036890213323,130232.16225478344,0.9597721199201932,2.103461672668105,13.677049267844655,0.06790198898715381,1
0.3328585252756148,1.2662104289928315,367689.2426838263,1.1627773773786834,2.837661737737749,16.569618085312857,0.11730028313416155,1
0.3314782829823951,1.0566317193929111,384074.9136205835,1.3526392361969513,3.821569750652471,17.38009396113207,0.08673877610785478,1
0.2793050398722344,2.5612443941901883,279727.8351078322,1.0583374382421804,2.7085249039564383,15.022706101318004,0.10312072060487375,1
0.1105927246792577,2.7252696475111327,131072.8596579885,0.8460368121242124,2.137765805787929,17.77777788341784,0.05173285323389101,1
0.3464880495751541,2.8068406635446017,300136.5283351717,1.2128469107652051,1.831890689846728,12.993371432428209,0.18914231700372053,1
0.4899472573054113,1.7768137130807893,466827.5897592227,1.2654479883949208,2.9542323422683148,14.29217888655992,0.16584587823218422,1
0.1952506981500888,1.897505814521429,84555.88701756562,0.9477543286590908,3.3615322976520665,6.495947606233474,0.05808383822058345,1
0.1024156204833338,2.7141097760666524,83810.28114333493,0.8903588364213019,2.6269014030531017,12.275024173237334,0.0389872342998111,1
0.0727313843211277,1.9430517516920611,43469.64528392179,0.8315269410137007,3.3972710085713027,8.965107502696252,0.021408767253959626,1
0.1733648264526507,1.1060327496743485,199070.6726248859,0.9340057382650956,2.591990015182362,17.22414027385675,0.0668848357583096,1
0.2174704835141861,1.5180259736782546,164928.89536219952,1.0938734233620426,1.5201890000573264,11.375950383959172,0.14305489876981434,1
0.2926318683811588,1.2956531540654272,298744.5376888733,1.1461079190187284,2.95779518684101,15.313328962163096,0.09893581194636265,1
0.433636236376432,1.3997125986580552,380863.5556670346,1.2486639368138468,3.007592042053969,13.17452937684434,0.1441805372248191,1
0.3357944811827592,2.895276462278712,305203.43641502014,1.2257182815018826,2.264524062308315,13.633492516315826,0.14828479271731435,1
0.1459289672631823,1.6729614277907745,82723.04189425557,0.8572078598125139,2.3054710407354286,8.503079626240165,0.06329681209816108,1
0.280399488683667,1.062272217355998,155844.59124009096,1.1002345337864496,3.7563326677860007,8.336922722561054,0.07464713950613318,1
0.4324710658209774,1.593720068385624,413020.5789056022,1.417258596245714,1.8902946185761764,14.325371506237596,0.22878500608901214,1
0.0548757997326145,1.3600259099074166,65925.19440760573,0.9386024389426428,1.9723661338431884,18.02029165738722,0.02782231898582039,1
0.1010984489009654,2.4468524303457464,55688.3080341548,0.8880766988071376,2.038685643339201,8.262487007398043,0.04959001365967064,1
0.3720493715003202,1.58949344312921,248038.19369267556,1.129964288482426,2.9317921933701783,10.000212849135078,0.12690168571348806,1
0.2052498113156179,1.0769756274091489,100086.7604142005,1.018977267485914,3.535005856945226,7.314508094257963,0.05806208521900002,1
0.3023248755107617,1.0005601178251935,245931.45051640083,1.2312467654477557,2.5439806968633523,12.202011996246394,0.1188392961800059,1
0.2187450474625786,2.093453318880335,252107.3174622422,0.9794748061328248,2.1262541292134225,17.28775030932101,0.10287812940944187,1
0.3636243124439517,1.372668651781354,352979.9121939295,1.242816987817321,2.527800954787597,14.560903937700962,0.14385005740078372,1
0.2593998050661695,1.9306772920122144,187566.52088510108,1.093700555054764,2.069056438949856,10.846183221143246,0.1253710629555505,1
0.3710577825493495,1.4427165997037312,309550.7872412537,1.1548800495236022,3.99719611312719,12.513581514763851,0.0928295165030204,1
0.4343129410086392,2.1360598132131168,375038.3971251063,1.1612891491554518,3.88100775827586,12.952816795677045,0.11190725916033288,1
0.1880097144251154,2.626899875837479,213429.2745264902,0.9110098981418466,3.354725325054012,17.0280515966237,0.056043251297209676,1
0.3087014169867648,1.8119153759543067,405849.941349605,1.0988056701474904,3.159114992944393,19.7205091562799,0.09771768918707371,1
0.078077522974809,1.160427790060987,76618.35557107763,0.899366448138322,2.8091069791215144,14.719669499978473,0.02779442846253794,1
0.3032764454318371,2.431913106177184,212789.59597709385,1.1469596116272958,2.5542230144037137,10.524536236605918,0.11873530373879172,1
0.3516345312089707,1.414214870645678,325218.90051409666,1.1477857984090325,3.956203294499888,13.873163966403416,0.08888181547642676,1
0.1313060123801865,2.1571007327110125,91669.25463664698,0.7539192785413747,2.285234258100437,10.472017195742602,0.057458447384441204,1
0.3950540902983241,2.978221247887957,233258.75145336063,1.5069119467128025,1.7546410142882,8.856714454363043,0.2251480998571007,1
0.229186486230084,2.2978020255487994,220255.8346750525,0.9761034998442066,3.978986047736954,14.415498812652553,0.05759921836379238,1
0.3582553427567044,2.84279891235143,230852.1720461836,1.209014880444639,2.4382016685316668,9.665683012700724,0.14693425379060332,1
0.3631834059774123,2.6102432859471763,367558.0643346444,1.143272536697418,3.0219479794541284,15.180679717956505,0.12018188547475134,1
0.3346010164077002,2.276757921137361,405506.2915925504,1.2314269542159757,2.1644860115192763,18.17864882537242,0.15458682321205675,1
0.3872980256965928,2.27181614700264,413103.2703533965,1.120512114116279,3.5664429532614514,15.999433625193047,0.10859504295236667,1
0.409572479800396,1.0415863761700497,247726.7202562332,1.2848584949294963,2.599787240911766,9.072633018835717,0.15754076847332926,1
0.1060132826329009,1.6201191937097206,70130.06881056835,0.6386270545577776,2.975146449194019,9.922822933435466,0.03563296276108371,1
0.4547987687112115,2.582180422393069,416825.5604988749,1.3253706670608016,2.3691166650933644,13.747582090428365,0.19196976468581312,1
0.2241047088448721,2.2836873754404587,221333.3750956863,0.9705862624477885,2.611930858720955,14.81450632406585,0.08580039861951579,1
0.1187467369302305,1.7743309855605651,153918.2913066492,0.6719346131059314,3.134232101104569,19.442844740704366,0.03788702722060107,1
0.3001839251367423,2.112300150109172,227968.5208961255,1.0761384203035,3.5599397406849205,11.391442136297574,0.08432275459780336,1
0.4614580260115848,1.7482972533250531,442506.2386914121,1.2180330884635735,3.570352135422164,14.383959550428418,0.1292472026591913,1
0.2950342069760904,1.9836999307705936,110305.55177195028,1.103966849239454,2.815755107886876,5.608106576988686,0.10477978221533017,1
0.0792824699425009,2.088229726398743,81015.98436997696,0.8893035288851433,3.693923781259104,15.327975609627174,0.021462941478309776,1
0.3760401879728964,1.6345240457867989,406493.32072326913,1.2150336174831893,2.3639021020389896,16.21475577841301,0.15907604111377624,1
0.2645432054492573,1.3202933180476748,222961.65504651476,1.187505561299574,1.5565353670470707,12.642263179725564,0.1699564372579125,1
0.1126942376470258,1.9717150220905333,49628.59513970727,0.8754009167897536,1.7662311466017802,6.605740831463492,0.06380492036042335,1
0.3735747781901919,1.2779606785357718,249812.78077979243,1.147928176285761,3.520152707081372,10.030633571812338,0.106124594378728,1
0.1724114186420385,2.459397606851028,128818.31706978168,0.9103198840066774,3.296629024037776,11.20734793127898,0.05229930859216473,1
0.443426394979923,1.4784871979079612,454791.3642486627,1.209562808406406,3.068791502010094,15.384448334517424,0.1444954454186521,1
0.3755433898396263,1.4706598124899797,275514.3790226633,1.1098642609008622,3.602399640438693,11.00462901798059,0.10424811995425733,1
