diameter,x_center,U_inlet,Re,Cd
0.05,1.0,10.0,33333.333333333336,0.8931408
0.05,1.0,12.5,41666.666666666664,0.9011363840000001
0.05,1.0,15.0,50000.0,0.9011345777777778
0.05,1.0,17.5,58333.33333333333,0.9024663510204082
0.05,1.0,20.0,66666.66666666667,0.9047458
0.05,1.0,5.0,16666.666666666668,0.91072352
0.05,1.0,7.5,25000.0,0.89073664
0.05,1.332,10.0,33333.333333333336,0.9097208
0.05,1.332,12.5,41666.666666666664,0.917794816
0.05,1.332,15.0,50000.0,0.9177560888888889
0.05,1.332,17.5,58333.33333333333,0.9190713469387756
0.05,1.332,20.0,66666.66666666667,0.9213608000000001
0.05,1.332,5.0,16666.666666666668,0.9280550399999999
0.05,1.332,7.5,25000.0,0.9074194488888889
0.05,1.664,10.0,33333.333333333336,0.919772
0.05,1.664,12.5,41666.666666666664,0.92797952
0.05,1.664,15.0,50000.0,0.9279740444444444
0.05,1.664,17.5,58333.33333333333,0.9293257142857143
0.05,1.664,20.0,66666.66666666667,0.9316498
0.05,1.664,5.0,16666.666666666668,0.9375904
0.05,1.664,7.5,25000.0,0.9168456533333333
0.05,2.004,10.0,33333.333333333336,0.9002424
0.05,2.004,12.5,41666.666666666664,0.9082885119999999
0.05,2.004,15.0,50000.0,0.9082862222222222
0.05,2.004,17.5,58333.33333333333,0.9096108408163266
0.05,2.004,20.0,66666.66666666667,0.9118881999999999
0.05,2.004,5.0,16666.666666666668,0.91717216
0.05,2.004,7.5,25000.0,0.8980279466666666
0.05,2.332,10.0,33333.333333333336,0.9130112
0.05,2.332,12.5,41666.666666666664,0.921073664
0.05,2.332,15.0,50000.0,0.9210094222222223
0.05,2.332,17.5,58333.33333333333,0.9223100081632652
0.05,2.332,20.0,66666.66666666667,0.9245829999999999
0.05,2.332,5.0,16666.666666666668,0.9303350399999999
0.05,2.332,7.5,25000.0,0.9109084444444444
0.05,2.659,10.0,33333.333333333336,0.9463367999999999
0.05,2.659,12.5,41666.666666666664,0.9547827200000001
0.05,2.659,15.0,50000.0,0.9547808
0.05,2.659,17.5,58333.33333333333,0.9561850775510204
0.05,2.659,20.0,66666.66666666667,0.9585768
0.05,2.659,5.0,16666.666666666668,0.9644342399999999
0.05,2.659,7.5,25000.0,0.9435754666666666
0.05,2.998,10.0,33333.333333333336,0.8812424
0.05,2.998,12.5,41666.666666666664,0.889061888
0.05,2.998,15.0,50000.0,0.889013688888889
0.05,2.998,17.5,58333.33333333333,0.8902786612244897
0.05,2.998,20.0,66666.66666666667,0.8924836
0.05,2.998,5.0,16666.666666666668,0.89748704
0.05,2.998,7.5,25000.0,0.8788569599999999
0.099,1.0,10.0,66000.0,0.8757381818181817
0.099,1.0,12.5,82500.0,0.8836688161616162
0.099,1.0,15.0,99000.0,0.8837448260381593
0.099,1.0,17.5,115500.0,0.8850986270871984
0.099,1.0,20.0,132000.0,0.8873672727272727
0.099,1.0,5.0,33000.0,0.8925386666666666
0.099,1.0,7.5,49500.0,0.8732588103254769
0.099,1.332,10.0,66000.0,0.858410101010101
0.099,1.332,12.5,82500.0,0.8662184080808081
0.099,1.332,15.0,99000.0,0.866311290684624
0.099,1.332,17.5,115500.0,0.8676500185528756
0.099,1.332,20.0,132000.0,0.8698824242424242
0.099,1.332,5.0,33000.0,0.8745724444444444
0.099,1.332,7.5,49500.0,0.8559069809203143
0.099,1.664,10.0,66000.0,0.8341482828282828
0.099,1.664,12.5,82500.0,0.8417794585858586
0.099,1.664,15.0,99000.0,0.8419002469135801
0.099,1.664,17.5,115500.0,0.8432330488559059
0.099,1.664,20.0,132000.0,0.8454237373737373
0.099,1.664,5.0,33000.0,0.8495267878787878
0.099,1.664,7.5,49500.0,0.8316458810325477
0.099,2.004,10.0,66000.0,0.8500541414141414
0.099,2.004,12.5,82500.0,0.8577978181818181
0.099,2.004,15.0,99000.0,0.8579000673400673
0.099,2.004,17.5,115500.0,0.8592335765821479
0.099,2.004,20.0,132000.0,0.861450101010101
0.099,2.004,5.0,33000.0,0.8661016565656566
0.099,2.004,7.5,49500.0,0.8475474747474747
0.099,2.332,10.0,66000.0,0.8413402020202021
0.099,2.332,12.5,82500.0,0.8490087434343434
0.099,2.332,15.0,99000.0,0.8491052749719417
0.099,2.332,17.5,115500.0,0.8504305751391465
0.099,2.332,20.0,132000.0,0.8526323232323232
0.099,2.332,5.0,33000.0,0.8567848080808081
0.099,2.332,7.5,49500.0,0.8387979349046015
0.099,2.659,10.0,66000.0,0.8412824242424243
0.099,2.659,12.5,82500.0,0.8489991757575758
0.099,2.659,15.0,99000.0,0.8491331088664421
0.099,2.659,17.5,115500.0,0.8504834796949082
0.099,2.659,20.0,132000.0,0.8526987878787878
0.099,2.659,5.0,33000.0,0.8570008888888889
0.099,2.659,7.5,49500.0,0.8387375982042649
0.099,2.998,10.0,66000.0,0.856629898989899
0.099,2.998,12.5,82500.0,0.8644569212121213
0.099,2.998,15.0,99000.0,0.8645728395061727
0.099,2.998,17.5,115500.0,0.8659374149659863
0.099,2.998,20.0,132000.0,0.8681944444444444
0.099,2.998,5.0,33000.0,0.8723432727272726
0.099,2.998,7.5,49500.0,0.8540832323232322
0.149,1.0,10.0,99333.33333333333,0.9280692617449665
0.149,1.0,12.5,124166.66666666666,0.9369749476510068
0.149,1.0,15.0,149000.0,0.9380166442953021
0.149,1.0,17.5,173833.3333333333,0.9399575948500206
0.149,1.0,20.0,198666.66666666666,0.9422946308724833
0.149,1.0,5.0,49666.666666666664,0.9412789261744967
0.149,1.0,7.5,74500.0,0.9227602087994035
0.149,1.332,10.0,99333.33333333333,0.9298056375838927
0.149,1.332,12.5,124166.66666666666,0.9354798389261746
0.149,1.332,15.0,149000.0,0.9337783743475019
0.149,1.332,17.5,173833.3333333333,0.938271907957814
0.149,1.332,20.0,198666.66666666666,0.9383080536912753
0.149,1.332,5.0,49666.666666666664,0.9478930469798659
0.149,1.332,7.5,74500.0,0.9268879940343028
0.149,1.664,10.0,99333.33333333333,0.9272397315436243
0.149,1.664,12.5,124166.66666666666,0.934029744966443
0.149,1.664,15.0,149000.0,0.9330926771066369
0.149,1.664,17.5,173833.3333333333,0.9332911108067388
0.149,1.664,20.0,198666.66666666666,0.9350046979865774
0.149,1.664,5.0,49666.666666666664,0.9465331543624161
0.149,1.664,7.5,74500.0,0.9271037136465324
0.149,2.004,10.0,99333.33333333333,0.9176461744966444
0.149,2.004,12.5,124166.66666666666,0.924999989261745
0.149,2.004,15.0,149000.0,0.9232912751677853
0.149,2.004,17.5,173833.3333333333,0.9223170524585673
0.149,2.004,20.0,198666.66666666666,0.925358389261745
0.149,2.004,5.0,49666.666666666664,0.9236524026845638
0.149,2.004,7.5,74500.0,0.9152768381804623
0.149,2.332,10.0,99333.33333333333,0.9226429530201343
0.149,2.332,12.5,124166.66666666666,0.9293318872483222
0.149,2.332,15.0,149000.0,0.9288981953765847
0.149,2.332,17.5,173833.3333333333,0.9289502259964387
0.149,2.332,20.0,198666.66666666666,0.9305429530201343
0.149,2.332,5.0,49666.666666666664,0.9374504161073826
0.149,2.332,7.5,74500.0,0.9202913646532439
0.149,2.659,10.0,99333.33333333333,0.929813422818792
0.149,2.659,12.5,124166.66666666666,0.9318393127516779
0.149,2.659,15.0,149000.0,0.9304649067859807
0.149,2.659,17.5,173833.3333333333,0.9274600191754554
0.149,2.659,20.0,198666.66666666666,0.9377657718120805
0.149,2.659,5.0,49666.666666666664,0.9435719731543625
0.149,2.659,7.5,74500.0,0.919635615212528
0.149,2.998,10.0,99333.33333333333,0.9093616107382552
0.149,2.998,12.5,124166.66666666666,0.9181594630872484
0.149,2.998,15.0,149000.0,0.9182689932885906
0.149,2.998,17.5,173833.3333333333,0.9188702917408574
0.149,2.998,20.0,198666.66666666666,0.9205489932885906
0.149,2.998,5.0,49666.666666666664,0.9282128322147652
0.149,2.998,7.5,74500.0,0.9078932140193886
0.2,1.0,10.0,133333.33333333334,1.015145
0.2,1.0,12.5,166666.66666666666,1.025180032
0.2,1.0,15.0,200000.0,1.023975111111111
0.2,1.0,17.5,233333.3333333333,1.0245844897959184
0.2,1.0,20.0,266666.6666666667,1.0268735
0.2,1.0,5.0,66666.66666666667,1.028368
0.2,1.0,7.5,100000.0,1.009760711111111
0.2,1.332,10.0,133333.33333333334,0.9848750000000001
0.2,1.332,12.5,166666.66666666666,0.986125312
0.2,1.332,15.0,200000.0,0.9942435555555555
0.2,1.332,17.5,233333.3333333333,0.9945325714285714
0.2,1.332,20.0,266666.6666666667,0.9941264999999999
0.2,1.332,5.0,66666.66666666667,0.9973048
0.2,1.332,7.5,100000.0,0.9756753777777778
0.2,1.664,10.0,133333.33333333334,0.97983
0.2,1.664,12.5,166666.66666666666,0.987942528
0.2,1.664,15.0,200000.0,0.9876115555555556
0.2,1.664,17.5,233333.3333333333,0.9886661224489796
0.2,1.664,20.0,266666.6666666667,0.990494
0.2,1.664,5.0,66666.66666666667,1.0011896
0.2,1.664,7.5,100000.0,0.9780792888888888
0.2,2.004,10.0,133333.33333333334,0.9682867999999999
0.2,2.004,12.5,166666.66666666666,0.978309632
0.2,2.004,15.0,200000.0,0.9787048888888888
0.2,2.004,17.5,233333.3333333333,0.9792672653061224
0.2,2.004,20.0,266666.6666666667,0.980673
0.2,2.004,5.0,66666.66666666667,0.9829511999999999
0.2,2.004,7.5,100000.0,0.9645525333333335
0.2,2.332,10.0,133333.33333333334,0.9719196
0.2,2.332,12.5,166666.66666666666,0.98332288
0.2,2.332,15.0,200000.0,0.9832177777777777
0.2,2.332,17.5,233333.3333333333,0.9824404897959184
0.2,2.332,20.0,266666.6666666667,0.9856255
0.2,2.332,5.0,66666.66666666667,0.9906767999999999
0.2,2.332,7.5,100000.0,0.9695306666666668
0.2,2.659,10.0,133333.33333333334,0.9703383999999999
0.2,2.659,12.5,166666.66666666666,0.977764736
0.2,2.659,15.0,200000.0,0.9764915555555557
0.2,2.659,17.5,233333.3333333333,0.9778233469387755
0.2,2.659,20.0,266666.6666666667,0.9802085
0.2,2.659,5.0,66666.66666666667,0.9870392000000001
0.2,2.659,7.5,100000.0,0.9683459555555555
0.2,2.998,10.0,133333.33333333334,0.9766756000000001
0.2,2.998,12.5,166666.66666666666,0.98532032
0.2,2.998,15.0,200000.0,0.9862328888888888
0.2,2.998,17.5,233333.3333333333,0.9887568979591836
0.2,2.998,20.0,266666.6666666667,0.989964
0.2,2.998,5.0,66666.66666666667,0.9929696
0.2,2.998,7.5,100000.0,0.9804920888888888
0.251,1.0,10.0,167333.3333333333,1.0847765737051793
0.251,1.0,12.5,209166.6666666667,1.091046501992032
0.251,1.0,15.0,251000.0,1.0904308100929614
0.251,1.0,17.5,292833.3333333333,1.0906075615903732
0.251,1.0,20.0,334666.6666666666,1.0929745019920318
0.251,1.0,5.0,83666.66666666666,1.1123008764940239
0.251,1.0,7.5,125500.0,1.0851997521027004
0.251,1.332,10.0,167333.3333333333,1.071853705179283
0.251,1.332,12.5,209166.6666666667,1.0817529880478087
0.251,1.332,15.0,251000.0,1.0793958388667553
0.251,1.332,17.5,292833.3333333333,1.0750886413529555
0.251,1.332,20.0,334666.6666666666,1.075991235059761
0.251,1.332,5.0,83666.66666666666,1.0989450199203186
0.251,1.332,7.5,125500.0,1.0708440903054448
0.251,1.664,10.0,167333.3333333333,1.0390156175298804
0.251,1.664,12.5,209166.6666666667,1.0527954103585657
0.251,1.664,15.0,251000.0,1.0561034085878707
0.251,1.664,17.5,292833.3333333333,1.0611511179770712
0.251,1.664,20.0,334666.6666666666,1.065466533864542
0.251,1.664,5.0,83666.66666666666,1.0746849402390437
0.251,1.664,7.5,125500.0,1.033984736609119
0.251,2.004,10.0,167333.3333333333,1.0633365737051792
0.251,2.004,12.5,209166.6666666667,1.0683155378486056
0.251,2.004,15.0,251000.0,1.061979991146525
0.251,2.004,17.5,292833.3333333333,1.059248654362143
0.251,2.004,20.0,334666.6666666666,1.0616147410358565
0.251,2.004,5.0,83666.66666666666,1.0808656573705178
0.251,2.004,7.5,125500.0,1.0662232846392208
0.251,2.332,10.0,167333.3333333333,1.0603619123505976
0.251,2.332,12.5,209166.6666666667,1.069705689243028
0.251,2.332,15.0,251000.0,1.0706996015936254
0.251,2.332,17.5,292833.3333333333,1.0727511505000404
0.251,2.332,20.0,334666.6666666666,1.0753641434262948
0.251,2.332,5.0,83666.66666666666,1.0789564940239043
0.251,2.332,7.5,125500.0,1.0564617972554227
0.251,2.659,10.0,167333.3333333333,1.0497257370517927
0.251,2.659,12.5,209166.6666666667,1.0644857370517928
0.251,2.659,15.0,251000.0,1.0686916334661354
0.251,2.659,17.5,292833.3333333333,1.0760492397755914
0.251,2.659,20.0,334666.6666666666,1.0757509960159362
0.251,2.659,5.0,83666.66666666666,1.0711955378486056
0.251,2.659,7.5,125500.0,1.044441469676848
0.251,2.998,10.0,167333.3333333333,1.0583529880478086
0.251,2.998,12.5,209166.6666666667,1.0689509482071713
0.251,2.998,15.0,251000.0,1.0681561752988047
0.251,2.998,17.5,292833.3333333333,1.0737767948613708
0.251,2.998,20.0,334666.6666666666,1.0778828685258963
0.251,2.998,5.0,83666.66666666666,1.0682352191235058
0.251,2.998,7.5,125500.0,1.0490458432934926
0.3,1.0,10.0,200000.0,1.1767009333333334
0.3,1.0,12.5,250000.0,1.1880610133333334
0.3,1.0,15.0,300000.0,1.1894518518518518
0.3,1.0,17.5,350000.0,1.1931781224489795
0.3,1.0,20.0,400000.0,1.198769
0.3,1.0,5.0,100000.0,1.1986981333333333
0.3,1.0,7.5,150000.0,1.1734648888888888
0.3,1.332,10.0,200000.0,1.1491972
0.3,1.332,12.5,250000.0,1.1496806400000001
0.3,1.332,15.0,300000.0,1.145857185185185
0.3,1.332,17.5,350000.0,1.1428331972789116
0.3,1.332,20.0,400000.0,1.145834
0.3,1.332,5.0,100000.0,1.2050752
0.3,1.332,7.5,150000.0,1.1602913185185186
0.3,1.664,10.0,200000.0,1.1559418666666665
0.3,1.664,12.5,250000.0,1.1694976
0.3,1.664,15.0,300000.0,1.170117925925926
0.3,1.664,17.5,350000.0,1.1727407891156463
0.3,1.664,20.0,400000.0,1.176229
0.3,1.664,5.0,100000.0,1.1746394666666666
0.3,1.664,7.5,150000.0,1.1536602074074074
0.3,2.004,10.0,200000.0,1.1745665333333333
0.3,2.004,12.5,250000.0,1.1756151466666667
0.3,2.004,15.0,300000.0,1.1673765925925927
0.3,2.004,17.5,350000.0,1.1636580136054422
0.3,2.004,20.0,400000.0,1.1595383333333333
0.3,2.004,5.0,100000.0,1.2017978666666667
0.3,2.004,7.5,150000.0,1.1774034962962963
0.3,2.332,10.0,200000.0,1.1688268000000002
0.3,2.332,12.5,250000.0,1.1670229333333333
0.3,2.332,15.0,300000.0,1.1547952592592592
0.3,2.332,17.5,350000.0,1.1503220680272108
0.3,2.332,20.0,400000.0,1.1492156666666666
0.3,2.332,5.0,100000.0,1.2043824
0.3,2.332,7.5,150000.0,1.1753642666666666
0.3,2.659,10.0,200000.0,1.1731561333333334
0.3,2.659,12.5,250000.0,1.15735808
0.3,2.659,15.0,300000.0,1.1475377777777778
0.3,2.659,17.5,350000.0,1.145381006802721
0.3,2.659,20.0,400000.0,1.1425646666666667
0.3,2.659,5.0,100000.0,1.1715018666666666
0.3,2.659,7.5,150000.0,1.1798696296296296
0.3,2.998,10.0,200000.0,1.1610846666666668
0.3,2.998,12.5,250000.0,1.1746244266666666
0.3,2.998,15.0,300000.0,1.1745386666666668
0.3,2.998,17.5,350000.0,1.1842433741496599
0.3,2.998,20.0,400000.0,1.1873796666666665
0.3,2.998,5.0,100000.0,1.1672026666666668
0.3,2.998,7.5,150000.0,1.1518243555555554
0.351,1.0,10.0,233999.99999999997,1.2667031339031343
0.351,1.0,12.5,292499.99999999994,1.284899737891738
0.351,1.0,15.0,350999.99999999994,1.2864496359607471
0.351,1.0,17.5,409500.0,1.2963909064480492
0.351,1.0,20.0,467999.99999999994,1.2981390313390315
0.351,1.0,5.0,116999.99999999999,1.2658023931623934
0.351,1.0,7.5,175499.99999999997,1.2529773725862616
0.351,1.332,10.0,233999.99999999997,1.2876843304843306
0.351,1.332,12.5,292499.99999999994,1.303856866096866
0.351,1.332,15.0,350999.99999999994,1.305527572016461
0.351,1.332,17.5,409500.0,1.3088641897784754
0.351,1.332,20.0,467999.99999999994,1.314258404558405
0.351,1.332,5.0,116999.99999999999,1.2948330484330486
0.351,1.332,7.5,175499.99999999997,1.2745469325735992
0.351,1.664,10.0,233999.99999999997,1.2738074074074075
0.351,1.664,12.5,292499.99999999994,1.283158792022792
0.351,1.664,15.0,350999.99999999994,1.2722456473567585
0.351,1.664,17.5,409500.0,1.2677808709808709
0.351,1.664,20.0,467999.99999999994,1.2669692307692308
0.351,1.664,5.0,116999.99999999999,1.305225754985755
0.351,1.664,7.5,175499.99999999997,1.279773700538145
0.351,2.004,10.0,233999.99999999997,1.2586324786324787
0.351,2.004,12.5,292499.99999999994,1.270344205128205
0.351,2.004,15.0,350999.99999999994,1.2701994301994302
0.351,2.004,17.5,409500.0,1.2724471887900461
0.351,2.004,20.0,467999.99999999994,1.2780532763532766
0.351,2.004,5.0,116999.99999999999,1.2857203418803422
0.351,2.004,7.5,175499.99999999997,1.2542292117758784
0.351,2.332,10.0,233999.99999999997,1.2535589743589746
0.351,2.332,12.5,292499.99999999994,1.2530368547008546
0.351,2.332,15.0,350999.99999999994,1.2476935739157964
0.351,2.332,17.5,409500.0,1.2457345659631376
0.351,2.332,20.0,467999.99999999994,1.2442048433048436
0.351,2.332,5.0,116999.99999999999,1.2957884900284904
0.351,2.332,7.5,175499.99999999997,1.2593548844571067
0.351,2.659,10.0,233999.99999999997,1.2520387464387466
0.351,2.659,12.5,292499.99999999994,1.2599167635327637
0.351,2.659,15.0,350999.99999999994,1.2630153846153847
0.351,2.659,17.5,409500.0,1.2665990348276064
0.351,2.659,20.0,467999.99999999994,1.2727364672364676
0.351,2.659,5.0,116999.99999999999,1.28580603988604
0.351,2.659,7.5,175499.99999999997,1.2520987147831593
0.351,2.998,10.0,233999.99999999997,1.170665527065527
0.351,2.998,12.5,292499.99999999994,1.181892923076923
0.351,2.998,15.0,350999.99999999994,1.1824653371320037
0.351,2.998,17.5,409500.0,1.175122832722833
0.351,2.998,20.0,467999.99999999994,1.1822629629629633
0.351,2.998,5.0,116999.99999999999,1.21481754985755
0.351,2.998,7.5,175499.99999999997,1.1698340993985439
0.4,1.0,10.0,266666.6666666667,1.368487
0.4,1.0,12.5,333333.3333333333,1.36551552
0.4,1.0,15.0,400000.0,1.352168
0.4,1.0,17.5,466666.6666666666,1.343682612244898
0.4,1.0,20.0,533333.3333333334,1.3401045
0.4,1.0,5.0,133333.33333333334,1.4003048
0.4,1.0,7.5,200000.0,1.3814750222222223
0.4,1.332,10.0,266666.6666666667,1.280739
0.4,1.332,12.5,333333.3333333333,1.30861824
0.4,1.332,15.0,400000.0,1.3158862222222223
0.4,1.332,17.5,466666.6666666666,1.3224515918367346
0.4,1.332,20.0,533333.3333333334,1.33181625
0.4,1.332,5.0,133333.33333333334,1.2720376
0.4,1.332,7.5,200000.0,1.2607930666666667
0.4,1.664,10.0,266666.6666666667,1.307146
0.4,1.664,12.5,333333.3333333333,1.3242464
0.4,1.664,15.0,400000.0,1.3200951111111112
0.4,1.664,17.5,466666.6666666666,1.329390367346939
0.4,1.664,20.0,533333.3333333334,1.3325514999999999
0.4,1.664,5.0,133333.33333333334,1.2933664
0.4,1.664,7.5,200000.0,1.289676088888889
0.4,2.004,10.0,266666.6666666667,1.282832
0.4,2.004,12.5,333333.3333333333,1.3041830399999998
0.4,2.004,15.0,400000.0,1.309912888888889
0.4,2.004,17.5,466666.6666666666,1.316217142857143
0.4,2.004,20.0,533333.3333333334,1.3190317500000002
0.4,2.004,5.0,133333.33333333334,1.264582
0.4,2.004,7.5,200000.0,1.2560083555555555
0.4,2.332,10.0,266666.6666666667,1.30548
0.4,2.332,12.5,333333.3333333333,1.31262016
0.4,2.332,15.0,400000.0,1.3111262222222222
0.4,2.332,17.5,466666.6666666666,1.312812081632653
0.4,2.332,20.0,533333.3333333334,1.3071505
0.4,2.332,5.0,133333.33333333334,1.2795624
0.4,2.332,7.5,200000.0,1.3057342222222224
0.4,2.659,10.0,266666.6666666667,1.289819
0.4,2.659,12.5,333333.3333333333,1.2977990400000001
0.4,2.659,15.0,400000.0,1.2914195555555557
0.4,2.659,17.5,466666.6666666666,1.2926550204081633
0.4,2.659,20.0,533333.3333333334,1.2877497500000001
0.4,2.659,5.0,133333.33333333334,1.330936
0.4,2.659,7.5,200000.0,1.2915655111111113
0.4,2.998,10.0,266666.6666666667,1.319224
0.4,2.998,12.5,333333.3333333333,1.3361286399999999
0.4,2.998,15.0,400000.0,1.331231111111111
0.4,2.998,17.5,466666.6666666666,1.335901387755102
0.4,2.998,20.0,533333.3333333334,1.3389555
0.4,2.998,5.0,133333.33333333334,1.3316903999999998
0.4,2.998,7.5,200000.0,1.3143399111111111
