diameter,x_center,U_inlet,channel_height,Re,Cd
0.26890343955629964,1.0542444862409919,7.374242062402658,2.0215131598547034,132197.2703133877,1.1473059177785072
0.22121772103392318,2.8665818961274807,12.020879059268154,2.280534394393389,177282.09802104742,0.9913257431678519
0.3167205213919274,1.0287089535469167,18.156697574035178,1.773863806391076,383373.24816026434,1.2753038984856955
0.25830087369168575,2.4197447309755833,8.395171064840223,2.7968416780043897,144565.33472262596,1.0177324645585955
0.059199454852633615,1.7392214451685921,12.66599836988819,1.8747809811710638,49988.01324411512,0.7103458691701676
0.49451524038690114,2.372097510593453,5.847165808940289,2.506069678473615,192767.50703934507,1.295865197770205
0.490884697730592,1.802198456248418,8.078876059273021,2.695366175055757,264386.4421572769,1.2983303782827182
0.07596113945713921,1.83326780418703,18.807657135322764,3.775162451337829,95243.40443455412,0.876154986557684
0.13240656327301492,1.9246692872157687,11.938992046939932,2.8834381667930895,105386.7270586116,0.8414239085749771
0.21188307064519812,2.5420971802950962,8.683192719528474,3.7066509300265875,122654.76909451478,0.9325029398243991
0.12215096617874432,1.0247809425700127,19.418375648629095,3.7935583594803486,158131.55647345632,0.8278655677571604
0.46640675717767566,2.7945181611758603,16.625913325661728,3.0890526432045786,516962.5546225994,1.2303145881273363
0.38409176806024803,1.0813405965736318,19.16884503864121,1.69109635484489,490839.70550430764,1.40376217276449
0.36798575404642253,2.075440990065563,16.124002753925744,3.4449631886512453,395560.22077666386,1.140671881818782
0.2680984373343886,2.2301156151754276,18.363042916805565,3.28617500571292,328206.874046659,1.031470210692235
0.46808697580201547,1.3857250352161885,13.485806090056169,3.3744273496323203,420835.34592978633,1.2888284926281883
0.22637226394888887,2.4902531304430706,18.583562459815415,3.802957356781377,280453.54041759984,0.965873658099203
0.4688287535119995,1.9737856823973678,8.823223785177637,3.273480249509687,275772.0672774838,1.2606253843046917
0.4866319372340587,2.4150642420565385,10.248250917749328,2.33359308053989,332475.0798243384,1.373286107819385
0.33920211781370535,1.5983744525542396,7.705579388460019,3.5041651354004615,174249.92316981836,1.1414402786599194
0.23615485539886977,2.845995820899587,14.655430636918606,2.0465183981246113,230730.07352464527,1.0266321989686873
0.42773576561800997,2.3373523339410927,15.633289035429762,3.251080508954468,445794.45697981265,1.1413272191302157
0.27587955913417955,1.3556398085568975,9.118329219482106,2.9826906138487432,167704.04300740207,1.0869006476534333
0.06611324813406186,2.8203895904138245,9.756326711304991,1.8639881831760239,43001.49658276551,0.8956318839747999
0.09969912418643079,2.345132439243364,18.696519154935686,2.1886387921907744,124268.43900546098,0.8581478901023722
0.06448227737836315,1.609201171464757,5.172023901156215,3.8151541181132615,22233.591986791926,0.8849111345349567
0.18472463903826442,2.8776831217242327,6.224696816511823,1.9007169285795382,76656.99150351867,0.9525429184460183
0.052017332423148314,2.349122148176196,14.797037208806746,2.371863455796488,51313.49355787968,0.8859545907128797
0.4023984593519834,2.742475915095614,17.65095463732556,2.9268485870344056,473514.46347677015,1.2079183252094736
0.46547436865050196,2.9356494003227356,10.606459822936385,2.8301905116772526,329135.67931321525,1.2372069403356887
0.18627431182797854,2.9934006135937805,13.037466670365804,2.317920962989147,161903.00880017312,0.9151063816021066
0.0715625472435243,1.218024036723022,7.9601041636300165,3.73927737905567,37976.35535154317,0.7572062048806197
0.1669069373290497,2.161649421711289,18.794882210943896,2.7303743994081158,209133.08181925892,0.9547473140371263
0.1670372967080827,1.2740707862522285,12.56651794318249,3.104586350000388,139938.47908418791,0.9734078132505946
0.12067385953904874,1.0229320973476324,17.620052930079723,2.5623966379876424,141751.986157003,0.7875784873869285
0.27177704497426963,1.6866125207818605,13.832272535255557,3.149885980644852,250619.61032736694,1.0229751601729418
0.0886030331486397,2.868335952619449,17.743093580273154,2.3048129372191193,104806.12724349055,0.888412020957686
0.28446200750224565,1.7020371720225818,16.311865206350753,3.7721413597381197,309340.3948469712,1.0741945830144644
0.0938468895945449,1.6373623094612324,12.418190161571394,3.8111567625404117,77693.90140380363,0.8892662156663698
0.3801737758199013,1.869783855425844,5.026742727765937,1.5416387995348009,127402.3841926671,1.5159004560683575
0.44740497968572546,1.5719135516804785,5.275211242274169,3.2205191961408013,157343.71857917236,1.2420438696195037
0.15130841264599726,2.9600304977437766,12.773249682012352,1.9662569599027153,128846.67558108522,0.9476376786370074
0.1625982867582093,1.8244262134412086,14.764434249188406,2.468420354740846,160044.78092481755,0.9123200936337252
0.20816963141848915,1.7442558257198042,9.405061765472539,3.3047754469030384,130523.21607910287,0.966388494120831
0.42390063277754764,1.4265163108645502,7.195106307706028,3.3809587426396783,203334.00778255396,1.1955665626080165
0.3044145749964596,2.132188402419721,11.981272464855795,2.802424714353841,243151.5976870574,1.1030398545902738
0.23382788934978588,2.1269501579363084,18.921895605483986,1.5837951471249716,294964.460795154,1.0950564432082242
0.24280518881110014,1.177353354947329,16.17879026813379,3.439527666659693,261886.28171929426,1.0609039204194286
0.18176055548763126,2.1165017518366502,11.774106960028561,2.1484483816354993,142671.2147617051,0.9157023818595275
0.15640033564558292,1.3001126942957562,15.57497776441393,3.529280512487244,162395.45000178865,0.86596091835179
0.16418204802359843,2.7875049847853983,10.882173123469805,1.6130121090308753,119110.49802390876,1.001193253829885
0.45318745734106264,1.5510813758800044,5.266045333466405,2.2166117066319355,159100.3796610939,1.3004025215718937
0.13342914617739715,2.9220456638185937,14.880114073617094,2.415221883714765,132362.72772433332,0.8164414071734354
0.49628951786082964,1.5246755493115005,17.265401470501267,3.8741036584592115,571242.5180979156,1.277841280157344
0.3414202019135059,2.880783501895271,15.088537786111527,2.7163050799804225,343435.4411675841,1.1142661227133506
0.11332942239948703,1.819576410384997,11.265789812088084,2.0129044284034183,85116.36348519786,0.8851775550088334
0.26034219839580613,1.6243007662827518,14.209254215258412,2.177224009788366,246617.89866435,1.077246892074123
0.48909035074583435,2.9659746802735176,19.499172126930716,3.5170944169538956,635790.4623209293,1.2133622886887454
0.24095351424660555,2.4728127316466995,9.193020777741008,1.6973461520470048,147672.71086258392,1.1049029232448837
0.23047935655860025,1.4608609462029913,16.24946489648069,2.6194542800161713,249677.74758416205,1.0164762303844577
0.10146508811291849,2.7195788876805835,17.958003234291347,2.877027831681218,121474.02536662978,0.8640120719599564
0.3938303912790711,1.4896158297870625,11.272009303351993,3.945978195421935,295950.655629363,1.1437871954378536
0.3744914928061313,2.355008641748195,13.542900129110071,2.6212699285987826,338113.3924183186,1.155489810986199
0.22536844408022655,2.6367013432381743,10.960689959782279,2.4242806403351445,164679.5761521262,0.9917360504741451
0.49945458576137,1.536529044184896,12.361906785279839,3.3779371421536317,411614.06884417403,1.2958052073793205
0.48436323436093354,1.3782964716545059,9.030442069232599,3.4706625468412384,291600.94189083617,1.200661849122031
0.1470960589427012,1.1119154079346543,15.078338137725073,3.9641267926453208,147864.27436431914,0.8650475083712467
0.22701380801274312,1.561981895051911,11.843749851732962,1.8007443418658888,179246.3169994841,1.0551425485451058
0.47847112657476126,2.0553378731090586,14.171458397529863,2.20423193302404,452042.24431156495,1.3627532483205114
0.2668608724441885,1.543274006361614,19.362897653866867,1.888753062120839,344479.9840638961,1.1478131947887762
0.22318589061343153,2.6823349502971876,5.988522376402172,3.688131929307702,89103.58000238548,0.9510846285450234
0.41985195626063554,2.205635424735556,16.649578564196013,3.8430318477158396,466023.8754061893,1.129261734999868
0.1608989032808797,1.3394617911663476,9.27391795892157,2.172428885649048,99477.54858048899,0.8979755004839441
0.2399183863874721,2.2247918964789055,14.42661567377686,1.5367875836200222,230747.35689898385,1.1351886308214092
0.44516764231788375,2.7676035474336804,8.754692751452067,2.630486734280362,259820.39542542555,1.2435097647163944
0.13616018301424926,1.955440926356184,15.605663681779289,2.4079155531570255,141658.00153132607,0.8847206831955094
0.4977286223461541,2.147593312388385,11.814996243386343,3.1747401906676744,392044.12021637807,1.2145872697946383
0.11639068705352401,2.3585299527595396,15.279008226505212,3.9683625221779373,118555.61766529246,0.8755995365898426
0.13923629556010375,2.0133896506377598,8.185868245161588,2.3523363886196713,75984.66469329245,0.9195701757817156
0.3804281850702897,2.862148802537626,7.8084473151169895,3.5768021836438146,198036.89602046218,1.0877760712795597
0.21413037413365915,2.60284737754327,6.897953205130691,2.6039879770343712,98470.7533714072,0.9813919599725595
0.41277528678241565,1.6900763582867997,8.65014916384986,1.72232282605085,238037.8534545866,1.427021944939488
0.44835848232824577,2.245257026618176,12.34109370576286,3.610255710366423,368882.2696124335,1.159948665895594
0.27257468168406335,2.0685571237266966,16.426036914880953,3.0019281012972905,298488.11889362335,1.0273312474381602
0.15461246894899408,2.6488030211339515,12.695235403532738,1.842002032792387,130856.11264192505,0.9829191461663376
0.4918144138265931,2.2610971374869147,10.127465203435294,1.6603203008864968,332055.5575051165,1.6787406864354626
0.2859956383058334,2.7488195406440674,6.17161918811548,3.943733083230804,117670.4112723744,1.019971761271675
0.3536689316941775,1.7996198032097424,7.651515028999276,1.9791435434795361,180406.87640987447,1.2804274271941252
0.473776332862966,1.2001644790163637,7.8859734747174475,2.5770315899776683,249079.1729270836,1.3076481423050106
0.10495748528296184,1.130248383851205,13.328500405316678,2.266351571456613,93261.72567566507,0.9105400932081569
0.4490915444496748,2.941710277943865,8.286020445410564,3.1673868411224344,248078.7812780675,1.1921916383131197
0.3203079230434635,1.1863255667968384,16.736770357515745,2.206643842933457,357394.67677808495,1.2351419399313397
0.4604618873878789,1.9595210656459954,17.926486893022997,1.7145614549404462,550297.5992663628,1.497739387999111
0.08229336928050467,2.1885978652832367,7.410887783480264,1.5893903916083245,40657.795004154796,0.712944716885583
0.4285722271840051,2.198742240079183,18.64527165054125,2.194261083137289,532723.039848217,1.263121027462659
0.19816127647386728,1.1640534738203028,13.258467192919891,2.500244026699981,175154.31886905985,0.9661670433739717
0.4879997260175046,1.1924065338105538,13.227124035587881,3.3286473252954494,430322.1936910957,1.371900008726658
0.1718705678000277,2.801255614539578,16.87963091942334,3.427728410190791,193407.45002507957,0.8875758663672823
0.24185714043992335,1.8908185638986237,7.866243557546044,2.7727884293646605,126833.81152213704,1.0054473787466789
0.4041023062412724,2.3802554400526463,14.906590955182718,3.8676031521793774,401585.85221230856,1.1246644764881928
0.2804026688079462,1.284483199902769,7.151482746864079,3.255815517101695,133686.3232103113,1.0883151364170012
0.27742826534770176,2.6683262324179378,10.376561178937054,3.3594470579450197,191916.757876454,1.029894954151264
0.16601860334571428,1.7124118664044135,11.599130014903867,3.4937958597097944,128378.09100664627,0.9578451027002186
0.28390422242131574,1.7280035810781031,19.980029457916807,3.076749374922206,378160.98181365686,1.056919979646276
0.2276093578646053,2.831855349158021,5.389837104976139,1.954741710414928,81785.15749722948,1.0334472926781209
0.35587128031235,1.4808929282372312,14.084053873183613,2.8404468088643453,334140.6855891976,1.2849719770427537
0.34244849125386206,1.6407961445854333,9.592166137094832,1.671139458004478,218988.18810030076,1.2828244769629704
0.19247169129441927,2.0326480791253783,9.798795461013588,3.723991089446405,125732.71566862427,0.9504034763135423
0.2028875686886249,1.861981876039228,10.437644356150134,3.636849940777118,141177.8857503899,0.9502021848104172
0.44635466734011703,1.6447940727565622,8.14284341538118,2.6557529557853847,242306.4109250086,1.2642918789852515
0.137056317123814,2.4491603812108744,6.11059385645304,3.506942281970115,55833.03262699049,0.8786729278975249
0.39663398201021427,1.4233791480302356,8.367961367241945,3.204034792545656,221267.85589312064,1.169012679242748
0.13821797553840123,2.222165757430166,12.536477571549757,2.081817958289461,115517.77002147866,0.9311106416767787
0.29056137954340944,2.70730748861431,16.907248369825275,2.1190823338555984,327506.22737463284,1.1512005707111084
0.14076640490907194,2.341966589046212,18.067878968277775,1.737629156352587,169556.69111311293,0.9466683470645444
0.44325094971650786,1.84553476412029,14.238729483452596,2.850579271443166,420755.3577531203,1.2265910022574409
0.3662848281650372,2.39141947898134,10.251619266393256,2.223493286837426,250334.17342694924,1.1813962283668304
0.2107320952015142,2.327129485893212,5.49235081254773,1.8184147954434138,77160.9729539948,0.9972604707357958
0.3889148871076868,1.9615560498118536,6.420961126477452,1.747940945517072,166480.49144178824,1.37149416228939
0.45627978450577317,1.3932008962216438,16.59052300534264,3.1102970279515225,504661.35078105406,1.280732242838982
0.22906754614915037,2.8863263998233726,6.3357760197472945,2.6688720356589792,96754.7110529429,0.9760177431759958
0.420692704226422,1.4874636215605088,6.551657733626563,3.7834764769811957,183748.97394168732,1.1664054648392395
0.29421281024913104,2.454735143392704,6.716377033340422,2.0972542780820014,131736.27744478715,1.155648021110161
0.17103175239673346,1.4288005183569448,11.050566479247674,1.9558130881882747,125999.84999482206,0.9279267203778718
0.40768478786019013,2.5697369123982723,13.55893993456669,3.196760257588994,368518.2367221921,1.1490980479824167
0.06845527251813432,1.7595365731026589,15.947838225587812,3.365790033944803,72780.9074538489,0.9039033483367884
0.1855117236243381,1.0454959500762357,7.749180279966493,3.6774363037769664,95837.58602748766,0.942854546784704
0.08414998887478381,1.5468775542554654,9.459976098784953,2.029135027774042,53070.458897898294,0.7337606520357803
0.369736964880366,2.500454388453105,17.122368284081148,2.6474818353740845,422051.49872800027,1.1308198110286218
0.15861749596717822,2.6770292297330993,16.279559514693197,3.2108641328773966,172148.19771128573,0.8983583399845407
0.4326291067787829,1.7065109537072338,7.93539161302818,2.4619957979602747,228872.09236561513,1.2231847193175065
0.3772509424743527,2.9254364454616555,5.23967817065073,3.073954711706989,131778.235209352,1.136061480103566
0.4863922946997216,2.782540322555687,18.081247124572972,2.8950226776370815,586305.2853302527,1.2366326105765357
0.4797274205273294,2.8273449947829667,9.555022793963705,1.8958184785472487,305587.0958685363,1.479524297471207
0.47140510559778087,2.630756153960317,6.2993700485250175,3.5964729681725798,197970.34686162893,1.2004577850403446
0.4847097802975847,1.565776122287886,19.644827908073548,1.8650483916783687,634802.6812870794,1.501326095227845
0.06291576585487915,2.2333191869785947,8.727112909428815,1.5647094575913927,36604.86615991443,0.8565000953383709
0.42517256370028816,1.2982070175469826,16.028222818524743,2.054599753581769,454317.3724874415,1.3288630574806488
0.4003202028444847,2.3782648838907097,6.695920191974288,2.249246635130934,178700.80863210853,1.2512643335190488
0.3854371466027169,2.9020392098303938,7.832406644809556,3.192533550120747,201260.03121383695,1.0884882745644886
0.4557371660129922,1.3483715855113751,18.13866052733077,3.8388357385752814,551097.4495998301,1.230707949149708
0.4594242961988988,1.2350253301837772,6.864692348457124,3.9118120564976078,210253.76338745866,1.2939319697547602
0.30077005245356064,2.2098418902589536,18.669846305501082,3.9057776056335642,374355.376840365,1.0514198349616213
0.40866568474227144,1.2089254896421624,7.284439534493565,2.2374760425854827,198460.0313551657,1.290832259752067
0.3425814029805158,2.165651504237852,11.30449177103499,2.7282970460220426,258180.5767268575,1.222771562599957
0.09237439609470349,1.581476671038541,9.914674802526891,3.4583057218219517,61057.473157253015,0.8777245819761446
0.27095106473732167,2.9898743558359815,10.096850608523118,2.413007237466492,182383.49485820087,1.091330979812743
0.21362755729130356,2.0679007074728055,11.45217618624488,2.7777589633587154,163100.02828914204,0.9737952620373393
0.1298232184348213,2.797606091233769,9.43978056631121,3.6086098894669956,81700.17962913342,0.8932706033598854
0.0907408278473056,1.9142396452018904,7.983406885927662,1.9917294879525882,48294.72999139707,0.876588561106877
0.257267269880871,2.521464920907723,12.440545821573725,2.6918982114517096,213369.68395627665,1.0178667012909015
0.3587331098988055,2.080871979317047,10.043995956852143,2.6894294796440814,240207.5936941732,1.1776777741429287
0.295727166394965,1.3120616876742734,6.461353152635363,2.9113312325128105,127386.51059373531,1.1246748196150882
0.39787024471373506,2.696954269747264,10.312900163841078,3.4163965202664084,273546.4074597178,1.1046801127996702
0.14091987471883355,1.4023536959912237,16.676189535483203,3.2945759036384406,156667.10267518772,0.9399735333807853
0.2635003911852237,1.6540412010327323,12.140433794915152,3.6976751327190316,213267.2702745635,1.0291562155155745
0.216900084460876,2.316791760852057,15.892258949983404,1.9958870845469128,229802.15390170083,1.0514021879627629
0.45792501481585823,1.0186140285547478,16.846283906754074,3.1897952651985713,514288.9871728342,1.4132662677069245
0.298366726345519,2.6585091906347733,19.218539045830585,1.5544535885444273,382278.1720165337,1.227534208916479
0.42913451167837113,2.0607965136315736,13.728531088705301,1.5938273242477936,392759.09898752574,1.5593455901923718
0.18709044134057207,2.6678815708434858,10.507959333273398,2.4705218255930816,131062.58328339356,0.9275620046461932
0.46969222493419927,1.4091469672147532,14.126788379517452,2.7106727172597216,442349.5110100095,1.3110965381414401
0.4643402920039623,1.8485674987815006,13.42986499625181,3.477426853289418,415735.16226222384,1.2101745939960205
0.050633274148689955,2.330368232195475,13.785895361659112,2.867125640351885,46535.001282135934,0.8845350269262353
0.22069226575530893,2.9091294434094337,9.29577705182071,1.6300062831496662,136767.07330150122,1.0509547553497447
0.44163198979597035,1.1348042253955244,14.612290392473504,2.153015299661261,430216.9921003076,1.3605983800554262
0.4372955484720297,2.6430493665465575,7.224416566111043,3.9332598428829524,210613.6803111964,1.10658061669819
0.4925526574543205,1.1004537697513126,19.904372189541817,2.274575942043821,653596.7611279129,1.4303840185717998
0.305676231115743,2.970012333615479,19.84596899260061,1.7181731076840043,404429.40029987023,1.2565109333254123
0.23173954999803703,2.851192083849245,10.939469936570003,2.702733600417499,169007.18935451916,1.0156115860620727
0.36532891376154336,1.0986268301504845,10.77738854685484,1.9402039536357771,262486.1100672385,1.3185871386028618
0.29300217796646333,2.2491964759595175,15.4221436147876,3.668038154535391,301248.1112029568,1.0593738268208548
0.07183191384552383,2.945637020823345,15.120396823729715,2.3985030835424257,72408.46946348567,0.7276350700260246
0.13794507776007492,2.5897540424223426,9.326240767245759,1.5310808794531214,85767.26718979313,0.9421143682263009
0.1478884125948074,1.0506986290779332,6.052728055567312,3.987352289723575,59675.22293372699,0.9120171248170948
0.3229232331905825,2.74583657345222,12.011463773746646,3.580515016006135,258585.38114465482,1.108804979252058
0.23338276514453604,2.6147100306113256,9.525336753077497,3.615628428173546,148203.2953577402,0.971341959630905
0.3340054523672742,2.702094970765653,15.95015894753195,1.9366270126151048,355162.670306689,1.1797426436704015
0.25150729758428286,2.7558356836267803,11.562618001654851,2.434672347830408,193872.18710637285,1.0530883183156363
0.3453668254011939,2.776389784123123,14.996372304913118,3.5340741032752323,345283.2996988152,1.1069964112303388
0.11169039394182942,2.4939356487949715,15.820622901529143,3.8547451975871256,117800.77361846123,0.8723551554627762
0.4517940463396362,2.9395924233707422,11.13041233620308,2.275223252859061,335243.60178678617,1.2983453811683736
0.43833854114212994,2.030268110028529,17.118924717457457,2.825201127388354,500258.9657714833,1.2476231843323247
0.18399955966857573,2.7344619824880403,10.368184146475205,3.7265090513719503,127182.75450094302,0.8943997471637473
0.2613136815126277,1.7347917137248654,6.158176226684657,3.0379169518346547,107281.04674656731,1.02837889401848
0.3901985053630927,2.891551718516005,5.304117063087774,1.9499938346874404,137977.2366858484,1.3481724640141137
0.4257426493797684,2.774041991973971,17.32000717516968,1.6028433648992677,491591.04946888913,1.4528135919053766
0.3197817654322745,1.7700805463977958,19.619502249270234,2.588858735622683,418263.93774494104,1.1295133066779532
0.32115959776256287,2.02339818395377,10.998578779399836,1.7593089731418075,235486.60911679405,1.267651411026125
0.4187023378321506,1.6762784615296433,16.098542921304592,2.967696151973802,449366.5037894301,1.1806492976446452
0.3957974769762261,2.90463518517514,13.662189543697544,3.553387547795161,360497.34342443105,1.1440257060439496
0.150700433479194,1.4175194028534868,16.152750832737826,3.152153939747847,162281.7701583335,0.9201643315435768
0.21537116286462127,2.8163248252763893,16.956366277091043,1.7019828777283335,243460.82153703642,1.0586758954917028
0.1940138154197441,2.1105538556854433,12.115605219625397,1.6584080044108578,156706.31965192602,1.0553867818762914
0.31406882415551046,1.9046022586676408,19.399857758212644,2.475733152703288,406192.7009937335,1.1208379402880984
0.3722730591258224,2.4279629608727156,8.924350340755659,3.6448435824354917,221486.34680424567,1.0749064466930809
0.27444279282221573,1.3193490260555802,14.84681187835594,2.455722542291047,271640.0344268034,1.0885790221837732
0.06733527765218836,1.6987313873154801,7.553299416286469,3.7170308472598577,33906.90089238411,0.9132113660745783
0.2468141279290728,1.4076875664276784,19.30910495689701,1.963267606722964,317717.3267351648,1.0785133777917293
0.3669807078299827,1.4975970643245495,9.823509329143238,2.9629298695310538,240335.89379889495,1.1609411788711328
0.3613828692669643,2.9593380489696726,12.298244500374473,1.7064595438215822,296291.6589661327,1.397540843956177
0.12154343656857616,1.8360329020962851,11.899879771858,3.8999171009905123,96423.48548163369,0.7926414772437564
0.19310622387626253,1.8736614446634634,14.026192700734445,2.44551348900123,180569.67385330834,0.9859762161555722
0.40358657629242806,1.6154251253541778,7.769207137192109,3.2841352803177895,209036.5139337373,1.1522725278657548
0.08974737934084166,1.7559273578243424,6.512128586759428,2.348843597301566,38963.098306149164,0.8801813658533059
0.12751350035188658,2.5869853419737527,19.921676896002936,3.657232295799552,169352.18359257607,0.9118248585456169
0.07484345014994669,1.7412895169456006,10.858226910958535,2.672165311023403,54177.81096847565,0.8398104560466937
0.31020765772988507,2.4698551983475543,7.021346239104178,3.448634064042496,145205.0247295363,1.0809019133838682
0.3073545322732652,2.6536217295644366,19.151157344203916,3.546681894766698,392413.00053463347,1.1006813652684901
0.24821741998653374,1.1880663316960283,13.147421828362976,2.4424270847405722,217561.27504739293,1.0451543506302186
0.08432691542549806,1.1523496690234323,11.6836355777743,2.917650995559126,65682.99661528757,0.7462099482697285
0.2227887771098529,2.9168158857747586,9.72439309798862,3.242960192848197,144432.3764290919,0.954791104774227
0.24606556325926865,2.688153801481836,18.284646747145345,1.6890022900355026,299948.1267222049,1.0892516463545745
0.058005846412875706,1.9843841068364878,17.69403282382037,2.1960095128209085,68423.82336019371,0.7719087410286307
0.39191533523321953,2.9284413743132984,16.298149782798784,1.681587092008954,425832.9890537873,1.4288540629755142
0.06251012377055534,2.1511824105316744,18.867691989046772,3.0948842995270907,78628.11743333528,0.8311530052593897
0.20683245523053229,2.5370754560933886,5.816511196099217,3.1271503309067925,80202.88610433873,0.9279197270725047
0.3364398545858935,1.4484865370647568,17.468628419148878,3.332414902565753,391809.52034356364,1.147469967120091
0.11803177402013768,1.8055929009765292,14.661938558913006,2.1826617987168673,115371.64124551752,0.9246946301498253
0.32972293203732445,2.334491176068468,6.398176790522206,2.124344456534869,140641.707404276,1.191516135576431
0.43881869782966343,2.530491421278577,18.538420623989275,3.11556214455756,542333.7065358367,1.1569403887820549
0.09564969797881567,1.4551916475934181,10.57442701595387,3.9223899384931675,67429.38335833444,0.6836097413623886
0.43034483310066496,1.4347234700456013,7.0817377661330525,3.5620950531312596,203172.6171352803,1.2244641321062448
0.34955341564950093,1.0932617517064254,18.42981566737373,3.625225508040721,429480.3344214116,1.1811592137792926
0.14247280733850537,2.086820904201702,6.747055893421783,1.980616446013677,64084.79962704059,0.9588526179249374
0.24443660088712799,1.8293899231969895,17.07513480330114,1.6294465396298519,278252.52740056196,1.0992979970097894
0.10678852233179022,1.388061725566997,19.760528999506864,2.53523500433616,140679.84615678847,0.6950673697883291
0.4988807629291772,2.407604301979581,18.20739486310999,3.4505948197404104,605554.6026840729,1.1909344582291799
0.3249784250228779,1.126962240640582,8.568644806490317,2.857592543298369,185641.64625291238,1.1572823026883807
0.20201271990016506,1.0326168121687915,6.241497314627681,1.792288177988489,84057.4565851676,1.0432209147774556
0.19925121980896943,2.7589869781023992,6.375190639250532,2.515740334211026,84684.30075902614,0.9384994505700963
0.2785353600735474,2.179448825856289,16.78086600420572,3.0272355087296776,311604.30365515937,1.0608722901898449
0.1997741949259449,1.6010594822899216,17.0511190141127,2.3381437368145583,227091.57157538907,0.9715535360047796
0.14503563053201612,2.484959940113024,5.546829410369763,3.04896593236243,53632.52673243399,0.822588662682208
0.14365261502893573,2.9875173786502254,13.58311633752729,3.859498021771751,130083.34547520368,0.9030265401091239
0.21626191416996382,2.1846140858557286,7.184615237829617,2.74793216034345,103583.90959384819,0.9771206294610331
0.20401288237413,1.946642711417054,19.954074488171365,2.4037579679806718,271392.55009599554,0.9975914630358744
0.31239512663005026,2.6070189641079073,10.16869264395992,2.2407433267529893,211776.66841146132,1.1630135801953043
0.1346429752557389,1.2460718769616546,16.041403834252844,1.7891821156114494,143990.82263484137,0.9022011110257738
0.19081708878778064,1.9342617476612092,15.856047355013237,2.644371680735657,201706.98639765434,0.9596913418841295
0.40570037715800505,1.457929353914849,10.145281762534644,1.5773512716690874,274396.30916230235,1.4745777601244803
0.3863796831486049,1.8233549837485923,18.291799429675773,2.6605600558569718,471171.97785706376,1.1937624730526322
0.30960102510316406,1.5871691309865938,8.172404461816202,1.7798497271061942,168678.98659573117,1.245780142263652
0.0948624105900863,1.0083173365669058,12.399758387978547,2.9097494665515153,78418.06476121917,0.6371261451563072
0.13058148728120966,1.2583981950190188,15.664043417259618,3.0990638052769235,136362.27241754686,0.9493240925644315
0.24981025649133237,2.3647267685251845,13.497751561018054,1.7276562035149303,224791.7853009468,1.1215053874006335
0.23869183669087046,1.1728221718780165,12.061318737650353,1.9212458070762757,191929.22149358495,1.060567786579382
0.08542488771566226,2.567990764909653,19.580198945047663,3.313595518070179,111509.08642206833,0.8041227655153215
0.2913857281545239,1.531152181555678,12.832286500517203,1.8278100519853981,249276.34305604483,1.178467282876124
0.20963094546827282,2.998428290433719,13.042344426495351,3.2184042175269596,182271.93288327192,0.9375797299896885
0.4827929420203338,1.6643326063694832,13.99035401025553,3.8319593539404266,450296.27816781617,1.2013943487092407
0.25424414320411387,1.5061669518338539,16.39612909828454,3.744238366449212,277907.9862971595,1.0522875206742652
0.15217449442451692,2.1521997556215022,7.599718590717352,2.5341138224937536,77098.88895406768,0.9689305365259528
0.3778464378844545,1.2821556022793805,10.410201460966121,2.22700152321642,262230.5026457062,1.2092326047609918
0.19603534035858206,1.4463874391835236,18.51314543209811,2.156401087324892,241948.7177259521,0.9576927904380484
0.24738971534520815,2.1406159697547684,18.768792387801803,3.6327518365578864,309547.0804127731,0.9842022398878397
0.3050060038530789,2.694790078875448,17.481573932010022,2.788168322557217,355465.66707096883,1.082553662696076
0.3218967610792814,1.7250015255243085,6.950245768505071,2.7523429309420138,149150.77343911753,1.1062894697260155
0.17868221019919156,1.2266938126293128,9.884065704582223,1.88110924288728,117740.44705658541,1.014778221073406
0.2971918738100299,1.8423673733270758,6.846798496752993,3.1643709649084384,135654.19165664786,1.0839300998079864
0.41584195926342377,1.068371654692362,14.947420970362167,2.811764641009283,414384.32148337265,1.296623499554888
0.155342369778363,2.9495597580684514,18.462346792069177,1.8118726092154303,191198.98015666558,0.9942880128077598
0.4540174486888469,2.4373300403074127,6.780334467849709,2.4516854514289497,205226.010423345,1.2472072553994653
0.47095236272695845,1.8954453820150663,10.691494377002023,1.7616263172632536,335678.96919540624,1.483045719367129
0.3371807057808333,1.3711899103683032,11.793737628951478,2.3864930444937826,265108.05183492205,1.2142325064290769
0.09947909517588793,1.9503997542154612,12.083746771600325,1.9119488627778338,80138.67967822382,0.8377805132536863
0.4398254326387435,2.0790132784910957,19.739964525234562,3.2493531859827085,578809.229172316,1.1898193853208536
0.2655099064381628,2.98204070297563,12.811033924996552,1.7833294436652063,226763.76125346427,1.144965147372597
0.23631961601231188,2.213020033896881,17.54705998314314,1.6161870495401869,276447.6318240927,1.0992271799370414
0.41781155795448977,2.496095486437233,15.15800971594509,3.8615728613961946,422212.7769938874,1.1250112166471107
0.4780004514022436,2.632256250002257,17.964380468715582,2.5483889216308855,572465.4648805131,1.2350999165801178
0.12379324367047999,2.5746554801258825,17.81607467492958,2.3108041306688283,147033.978232335,0.855025960805962
0.3789674531321519,2.010174191221943,5.77279321171553,3.1417759040282034,145846.71606016063,1.104238894977899
0.17753961187750789,2.8549687663611905,6.272421158777118,3.9179500880588747,74240.21453743719,0.8954735001759996
0.4772802154993107,2.7683493126589775,17.662283765015047,3.06078338557119,561990.5734384238,1.187329312678421
0.4071030290520848,1.2127357759329886,7.524182902421169,3.6491615024016113,204207.84338117097,1.2235730580818094
0.17634229832662712,2.7082683968703467,18.59057536563401,3.7546517968170434,218553.65247935185,0.9260616964645543
0.1916028920684938,2.5475526207904773,18.32502412145228,2.6391182180999593,234075.1745930111,0.9652327289771522
0.20647580223438688,2.4328370481044157,9.491881035431874,2.9005757547024684,130656.25010027726,0.9797280132051839
0.4602755038368955,2.0369026563952675,10.666528874980717,2.0630496870492174,327302.7968081696,1.3685577720409072
0.4802012514364893,2.5112296367070766,14.055381092522673,2.342885998337266,449960.7726697438,1.3358294687977115
0.07748491200274618,1.5143008923007382,19.00845742536329,2.781638677843883,98191.24339414811,0.9058648886972531
0.08292500060176411,1.8827138172710365,19.22753537660999,2.380993052830786,106296.2255117216,0.7472354825601158
0.3820143208217352,1.8650886268041251,5.720700077653502,1.678408368061855,145692.62365264335,1.3525268028152955
0.18095786829824778,1.4644278759218547,11.175682739117644,2.0306046561017053,134821.84834988342,0.9489309980253586
0.3563125819386177,1.7840318319778878,8.780017342723275,3.052417702986822,208562.04325677143,1.1351489924045794
0.4573188541447883,2.1297912602857627,14.464977015527591,2.4265691854219242,441007.11426478514,1.250588079554652
0.36468199607443835,2.096850144501474,12.235036397741542,3.900893846067011,297459.8330381194,1.069799936914104
0.09666782263866075,2.408556796105518,14.245306261701499,2.167305291168679,91804.18260930425,0.7494026336163752
0.2551135142903253,1.9193858979117815,15.45398479960178,3.6846624075990633,262834.69146771193,1.0346094113619515
0.29026864548474807,1.7893909695741366,19.525306180477514,2.3591599957571106,377838.9451788125,1.1250851162883724
0.3622524736087399,2.3079979250233373,14.586910500209171,1.9861268805935388,352276.2940673383,1.2262268728028018
0.10916829323660844,2.2729906843422656,16.924874641868275,2.8612486700602586,123177.31185975428,0.7807607404461673
0.2529817883259284,2.238528382639113,18.25342432350564,3.233958103292825,307852.2618954971,1.023471608112103
0.27342365827048576,2.8395243586078642,11.447420529496672,1.6391185431748894,208666.37326237606,1.169353069150787
0.4929627201086354,2.723628975690302,8.468165554461837,3.306311012219468,278299.3284038505,1.2039873481497398
0.06150128187091196,1.5093757044836198,7.511327492550854,1.666326374346097,30797.084622940027,0.7708904232013977
0.21277650986798846,1.2893858406972254,13.35653811478396,3.6530354091165145,189463.83759883288,0.9598573728578164
0.3387421881396914,1.0847075695087725,6.0980448012957735,2.0700480577131977,137711.00262431998,1.2614857579988552
0.07019022141427132,2.5137963649260384,10.285143592254837,2.6814473361412867,48127.767067862726,0.6641947590868833
0.06686583381019132,2.386325375650741,9.957262690438014,1.5958669425767102,44386.711484216445,0.9414578568981278
0.28681242422085135,2.3920976174166864,14.483814231236774,3.9390384966048244,276942.5247750324,1.0324565637264593
0.05629903928147953,2.7311508914446367,18.953164655068434,3.391768546183857,71136.33076160314,0.9291171165042607
0.12557608001150244,1.251802163451416,13.08195324642632,3.4675690396218886,109518.69383866437,0.8897024271022163
0.05095801225054161,1.3837620532312667,19.123544651761136,2.9970711433742263,64966.5215092149,0.9074347356653876
0.1533452356832567,1.6564389441527054,9.695901321791379,2.7426195412166066,99121.35155677993,0.9310561643955652
0.29879489923889896,2.898458522076572,11.621879097155146,2.7373904076461537,231503.87958674252,1.1369977763869474
0.35751672534329204,1.073743619451811,10.73970042852471,3.264669603945403,255974.83522494033,1.2513120777743398
0.16501371335632325,1.7943090638629118,7.274715851024808,3.349326539875383,80028.52507931393,0.918001784128043
0.08747836733884816,1.6509407712907138,6.001685447979746,3.8489730485116382,35001.17628470611,0.8081420091486039
0.31830047109224346,2.100281333516322,11.717005068284696,2.004462985218557,248635.21553501484,1.2058975979365814
0.3828240621413762,2.285281891963164,17.8035772313199,3.019504215147006,454375.8504227733,1.1464630502309097
0.2824211556365559,2.808720764567048,10.204218184193419,1.8200166139424043,192125.8061298309,1.1593009442477096
0.4209257463024029,1.8147184111856107,9.369177239404452,2.944723647952494,262915.19478238706,1.2038749372907998
0.10438082513735217,1.992775236138221,5.954889764190245,2.1051068292804977,41438.42047921001,0.8913107498204622
0.3163602424073503,1.5343949401432555,5.200281899931871,2.230256772506437,109677.49616326686,1.1797559413705703
0.39999620620570014,1.0375217229747586,8.23634093107371,3.0307380884103488,219633.67502974722,1.2853955226343454
0.24407719448762488,1.722365322490533,19.477054429889378,1.5268342540892765,316926.98680867767,1.1254459301374766
0.39335122440781134,2.5580253116949176,8.690873458143628,1.9330963381939144,227904.38106227634,1.4028888659006757
0.28544222747790055,2.24166098918878,7.486158421683567,2.888394571867941,142457.71567585343,1.0422066731742905
0.4629261125097994,1.1595868660835718,18.89401566181007,2.0570533441693626,583102.2146680667,1.4392220890844507
0.2561659075476599,1.1162688815213722,5.79825524061408,3.3433536877020114,99021.0210603254,1.0633418083681256
0.2091069149246959,1.3657493103577005,16.707333813725796,2.558712888188273,232907.93536035036,1.0008775306917204
0.43119405814983325,1.113728263078286,11.226145462656508,3.0117062329509166,322709.8146282131,1.2896655491210671
0.06435268160870926,1.2282179204359123,5.6482254579720514,3.105380497997273,24231.896970072095,0.8965649264478175
0.3258010408789582,1.0067171378132238,12.90962807582712,2.5131070360622014,280398.0176309799,1.2145779391892644
0.24971482420857555,2.363335749470344,15.718306585935638,3.9730545164423896,261672.94439756087,0.9813369329118966
0.05425669239062061,2.61935764674966,17.42675276289856,2.3225170476057686,63034.53093493233,0.8959640850573133
0.1622023555399285,2.04048494552087,13.808808182373259,1.8521746104468466,149321.41429199875,0.9367851213837319
0.31475588910626867,2.6842899805614997,11.342078164127784,3.421655261705042,237999.05979085574,1.0555219093705248
0.11740900445065797,1.3407561483910402,11.495547093459134,2.522178036598204,89978.71599057944,0.8988041073372145
0.41037892022772476,2.4679815248046264,8.118843740020298,2.49659790597165,222120.1551684768,1.191359125363371
0.288017160868623,1.1961383361860731,15.771092602633336,1.620721789391488,302823.02101377305,1.213107917253789
0.4814935987875513,2.8758938702511756,9.207696201163328,2.085739273314654,295563.1186960397,1.4133780498307502
0.4149532242658046,2.914136970238571,5.059835806734961,3.7460667514375317,139973.0121506827,1.1305625417475444
0.2766311516365115,2.737622909222794,8.603655577260334,3.733127680317755,158669.27670809475,1.025259068722707
0.056944042578883934,2.1947848135263603,13.283769972309956,3.27988014822236,50428.77086075453,0.7063756276780631
0.23181607013331396,1.9215711542780238,15.487250618430016,1.848150078160764,239346.23836894552,1.0663421679562965
0.06919850233328437,2.834493063968501,6.571438556654911,2.094799524950636,30315.58041971465,0.6119374144146031
0.25572414263661136,1.1515264036672854,7.106157483247473,3.320811415709065,121147.73532294665,1.0690336474600095
0.11463037312728894,2.4426234356877465,19.577095695520853,3.990263401021352,149608.65228841314,0.8781537042206422
0.4113315883006095,1.858145297141274,12.929296196912645,3.7691830414992524,354548.52935234056,1.145153558047873
0.3240844455225339,2.0059109964240704,13.393570207914351,3.7893018817291044,289376.5182932701,1.1040977889106711
0.3907355053446538,1.852764121589973,18.710767486306736,2.7695963235999863,487397.412609892,1.2164046018902346
0.3322120312781258,1.7678564044559706,15.363961977461324,2.5700322850160657,340272.86780082114,1.111872617248374
0.4670134974788585,1.3045143636530352,5.520972966980998,3.177854869393213,171891.2596530684,1.2806837773355653
0.16869424605597266,1.5757607026507308,19.014958770070194,2.379221211645127,213847.60890015977,0.8745312205033976
0.1260994855506314,2.5797475313171843,15.680937430359153,2.1134467290745946,131823.87619466195,0.8861040166188516
0.08011859166232171,1.2363370205684852,16.352976556593518,3.7630138334926357,87345.16341341572,0.8733681675614919
0.10832957285749444,2.0508558107926387,14.961068804153255,1.92952856973256,108048.41286970048,0.8409379527511239
0.49643716322662523,2.183838403084631,5.578826089891115,3.7984911756665154,184635.77321334873,1.22985822525002
0.08881942726354894,2.8571686244223944,5.0950994246252295,3.3851205122981605,30169.58751640337,0.8588051123002023
0.4226873097619345,1.327819541017163,12.171923776939668,3.670812621281061,342994.51439346356,1.2030433356050474
0.34456564550926116,2.7900682464421127,9.636307884262944,1.5730682927138842,221356.04309780293,1.3217349554339715
0.2670420608100348,1.4922264705948887,9.106191942296274,3.411021057174165,162115.75082683534,1.0493443772555227
0.351008891875327,1.1218260176196806,14.723032352710385,3.5851409809067665,344527.6847446307,1.2210981037990467
0.23957456087338463,1.9664339726332623,15.557307402942463,2.824612819573698,248475.67262881307,0.9966931273720632
0.12448727560815481,2.2038035294249996,15.88539194502387,3.269683357606487,131835.2776802499,0.8471933380053702
0.20100316619646352,1.7819369772948477,10.611914692050794,2.390114036350428,142201.8968339319,0.9735512998936326
0.0813243881830169,2.045725721141185,17.51262653611113,2.5673139055815284,94946.90923512695,0.8736707669121497
0.46329811714051494,1.1702157084283191,12.592079465343662,2.9369388949570303,388925.7804784974,1.2977953604056678
0.45046834161603405,2.47936990663473,16.99382540620961,2.9851213198780515,510345.3565631779,1.166556297520533
0.1694966639378749,2.9742486337372966,15.231629190445265,2.763108450888133,172114.0222746151,0.9498934035461066
0.1754121273034795,2.21730858642126,17.34695720759573,2.2138567719866895,202857.7777351195,0.9572829374072674
0.4137222768537266,2.288204627571977,13.449562976727302,2.019547104707323,370958.92116128025,1.3148034740747507
0.19030341887345076,1.3460094091905384,18.84441351205671,1.6074590354261087,239077.08786729624,1.0237628127928404
0.48323660939897084,1.2071925309935618,8.575982491379785,3.401911055457472,276281.91342662036,1.302964403848543
0.32740630410770116,2.301838093231317,15.76451573688707,3.433396329405233,344093.4555641259,1.0888832024524633
0.0586204105435569,2.551732696981194,12.752211301065511,2.078860161138884,49835.99078710974,0.7368498357462149
0.3472502838984386,2.599324507833549,10.791899909244046,3.7140604821048178,249832.68715256857,1.134528139220823
0.18239292016556835,1.9780977553070682,6.678190075442773,2.8908889322695313,81203.63928538164,0.9091020772071347
0.15741663464329958,1.2608729718097043,14.347154904094735,3.336810316278767,150565.38944724697,0.853856141662366
0.25192615191779383,1.631796666152206,14.51055838696241,3.2276549746049366,243705.94244039396,1.04295477189555
0.40150699925959504,2.5320207404286816,19.055411581619882,3.5926102670963007,510058.74158618215,1.0827256618741985
0.20329533123024734,2.2561576521499735,5.34887263035375,2.7928745911624295,72493.388873078,0.9571587405367101
0.09696908933493165,2.369976950741029,5.457902807206528,3.1827014526777324,35283.19099289227,0.7878753281221939
0.07420034816725951,2.0161758133619094,5.145367307359336,1.5190116650887269,25452.536376966484,0.8115909981401875
0.4722293938965831,1.5534757382285125,12.729569790954923,2.4816873520281693,400751.80179645977,1.3032652280423211
0.3527358575154942,2.5170109207992315,17.843159363393966,1.5686370675129206,419594.80792215926,1.3196263595732722
0.33060605437236856,1.909019184628876,12.886065344924459,3.0840070816823437,284014.0813379993,1.148401304006444
0.32693780349179735,1.5578824345838949,16.493515233018975,2.2511972698863505,359490.2428094482,1.1912069902270208
0.16020478427728257,1.1411798872139032,8.447902051055694,3.982594384491184,90226.28837899936,0.9130953452610884
0.45076265820154165,1.711299277728576,11.079269521054222,1.7426079753695667,332941.3986827815,1.523125129635349
0.388267316641863,1.6949062811914932,18.400750003881413,3.879363619008355,476293.9885469857,1.1078541859086084
0.31746149862562406,1.0150369877151428,15.219175683157475,1.919118222117911,322100.1546814552,1.2776579044254002
0.28897926391451423,2.2944317599103385,6.822772186507571,1.646241096453846,131442.6456208919,1.2028597815677415
0.47589600992425896,2.32100803948419,17.875547807113435,2.492758796834147,567126.7917743747,1.2942209747681017
0.12892733183404642,2.4825229086346363,17.41292008212138,2.9211842225509006,149666.75504182628,0.8958470868307458
0.05996299698738076,1.4380082725888443,17.190710047299774,2.7556641386169662,68720.43298514483,0.8245727022494358
0.31341753790509946,2.954908782679417,15.526073290074486,2.0428058914909903,324409.5775939515,1.161256355860309
0.19688769366097314,2.5261562744357073,5.717565379987283,3.2099209722227995,75047.88406810144,0.909346423498499
0.2696010533263997,1.9975459340610806,9.563306616003803,3.1354569587672216,171885.16913053018,1.0418233883120567
0.28148629551893634,1.2686086525311053,9.230155273591375,1.5106354399180646,173210.81433518737,1.2344020697716778
0.311403053567026,1.680653547835869,19.276740286902132,1.8788741116694723,400189.0525439889,1.221953159872452
0.40507051943004535,1.9900227418658616,7.627779128364111,2.327159163243543,205985.89690827392,1.2095002214857349
0.33989909089363485,1.1387426082294803,19.68795015097972,3.408659574475897,446127.75719181384,1.2043775384558817
0.30812727095473,1.5032981510136838,6.985640353954684,1.8386764414469023,143497.7532090194,1.1861491356553355
0.23454563582929167,2.5063884815659696,14.094976373239938,3.3165933526365516,220394.34636402695,0.9563335524834305
0.4949543305416265,2.592244778583172,8.529660773404652,1.5072149910905928,281452.83585651143,1.723848101269419
0.4367333303325919,1.607320800104909,8.05414443410544,2.9497102732773093,234500.8881124385,1.2441868983456217
0.10361303865508996,2.7622699376270305,16.81240895750211,1.7961210445678146,116132.31861325646,0.9103040923236266
0.18880533559109375,2.266486727943105,16.434946226267577,1.503934625328005,206867.03584480195,1.0229184880973556
0.17509612480189907,2.2537153305517768,5.870177666826429,2.4898067784508657,68523.02409066407,0.9109573423934474
0.3920780433346682,1.091439778381242,19.319668741566367,3.9509276306198453,504987.8612044862,1.2692818537822501
0.383688269250426,2.4228951705461736,16.521064433415823,3.808677011973269,422595.90790880576,1.0853861075715037
0.301644288811617,2.6610116967974804,9.848853703747809,2.1340558178976217,198056.69807177782,1.1942461709377812
0.18032405375534305,1.18235980485234,13.925617487755824,3.4806909279109197,167408.25309589508,0.9886077946341708
0.05323698103707579,2.024306612129097,5.082623732389848,3.4963509237684858,18038.902883988645,0.9313519230897964
0.12682197282328883,2.673238392181938,8.300510384853922,3.8879407827984953,70179.14016315805,0.8927693569982501
0.4755128017336624,1.3299243414300517,9.145701777906654,3.0595547899746247,289926.55174886197,1.2910512608321858
0.15423316225447775,1.7621446875581483,6.641317108774758,1.8060196977618705,68287.42261473976,0.9658180120203401
0.11547074448489429,1.4754598476157752,7.041686048956889,2.722989761009215,54207.24870012972,0.8855082530941619
0.2617208841756037,1.3116088480102182,13.115953057829191,3.123997187643392,228847.92207338457,1.0189630580507612
0.10948315559774857,2.1047891175788465,10.72201907382135,3.463629328031557,78258.6988387474,0.8062957681263498
0.09164446253082822,2.0022351090060777,6.023699655837449,3.6223627118496373,36802.58116042387,0.8598268821185717
0.42689777947290874,1.064613315797967,17.588024140920265,2.8498244159444517,500552.56340498495,1.3259851501078526
0.35045425258677537,1.2414429986385753,12.476512841774849,3.043945328057556,291496.4655235673,1.1611659605625682
0.3686743439696605,1.8845960115197913,19.074548577378167,2.5838616942660035,468819.7788854877,1.1365260481461057
0.26261602980466936,1.3354868269659554,19.856574849364428,3.6603074427051947,347643.6568306224,1.0435749439730766
0.42255451761021495,1.8765303058420697,5.440825993137843,2.9719054180941322,153269.70686209865,1.1828429517371009
0.08667794745186848,2.3970539071291923,8.879660844423649,3.5423845475036035,51311.38507089114,0.8469189559143939
0.35442970616496494,2.5527179762245655,5.9075194141490295,2.1435607256197593,139586.69134137777,1.2189979171280765
0.3441939404891847,1.1470466458825517,11.73491375189059,2.0074736153885344,269272.413704263,1.2567059258890942
0.14907392600303684,2.056063258940208,18.489438479772822,3.2368088822353682,183752.87891809037,0.8711590421555427
0.3986756200856169,2.170419592649808,13.1963932585565,2.255434231248264,350738.6843499111,1.2415873825613728
0.14857346053612575,1.716053485012547,6.947185765279769,2.2929381254285137,68811.1620089952,0.9124394440316411
0.07611801931409887,2.308465880654305,11.920960389270121,2.6061490344323106,60493.3262102047,0.8805727238363161
0.12017799424320619,2.4631193684353905,11.098642465682342,1.8571823838151524,88920.83935654508,0.7687890726829287
0.4449303227895133,2.620819070965669,8.001181211431135,3.926390818338832,237331.20927329623,1.1477951542668723
0.21979682911055004,2.645574548639138,11.5202455769482,1.7308520229545714,168807.56322587022,1.0173203083606333
0.23765395542961898,2.315779160173168,7.359551723496157,1.6506744988404467,116601.77181851541,1.1015114360393936
0.13457219644666757,1.6704142550585408,8.991645551369878,3.704745596327275,80668.36610118345,0.834036364172582
0.4740120148599255,1.3588637947578939,5.666366214480834,2.6780860841860985,179061.7110840179,1.267405762932175
0.09780286534622748,2.123136300838275,17.164061217355442,2.991103650282126,111912.95786902797,0.8493525552486214
0.15957887023130451,1.663077014778931,8.959184535995073,3.890207423530123,95313.10309652453,0.8746988978940529
0.3598609848079508,1.2534577585839592,13.94768015831915,1.5473419354065228,334615.061170603,1.4692577855539175
0.17047307543004497,1.5201106150082655,5.392913219371091,2.650390512467504,61289.766802235645,0.9075603105647766
0.4354252648240598,1.9029695495352719,19.79400173503539,2.8712696601052032,574587.2298270456,1.1767585302013477
0.4167714795610187,1.578201871035506,18.000786823636894,3.488992325123038,500147.6371833092,1.1715823894792832
0.3287010532570669,2.1753234611704686,7.693646835096011,1.9095499930447746,168593.98787226385,1.2492663765807588
0.17949190043290875,1.6197147818632607,11.630305307923855,3.829629711583155,139169.7068222799,0.9678774513618599
0.44070074717448665,2.812752990515123,7.4495130916564385,3.512106953515937,218867.06570527417,1.194155764186644
0.3482321791930046,1.9364712997186841,13.890845974167057,2.2973893745354843,322482.6376279046,1.1848999985941004
0.41258071212714376,1.220690981617637,16.47259279349771,1.6411279139771533,453084.93768811616,1.441135774573409
0.14282923133240985,2.4036890213323,13.677049267844657,2.1034616726681046,130232.16225478343,0.9597721199201932
0.3328585252756148,1.2662104289928315,16.569618085312857,2.837661737737749,367689.2426838263,1.1627773773786834
0.3314782829823951,1.0566317193929111,17.38009396113207,3.8215697506524706,384074.9136205835,1.3526392361969513
0.2793050398722344,2.5612443941901883,15.022706101318004,2.7085249039564383,279727.8351078322,1.0583374382421804
0.11059272467925779,2.7252696475111327,17.77777788341784,2.137765805787929,131072.8596579885,0.8460368121242124
0.3464880495751541,2.8068406635446017,12.993371432428209,1.8318906898467282,300136.52833517175,1.2128469107652053
0.48994725730541133,1.7768137130807893,14.29217888655992,2.9542323422683148,466827.5897592227,1.2654479883949208
0.19525069815008883,1.897505814521429,6.495947606233474,3.3615322976520665,84555.88701756562,0.9477543286590907
0.10241562048333386,2.7141097760666524,12.275024173237334,2.6269014030531017,83810.28114333493,0.8903588364213019
0.07273138432112773,1.9430517516920613,8.965107502696252,3.3972710085713027,43469.64528392179,0.8315269410137007
0.17336482645265078,1.1060327496743483,17.22414027385675,2.591990015182362,199070.6726248859,0.9340057382650957
0.21747048351418619,1.5180259736782546,11.375950383959172,1.5201890000573264,164928.89536219952,1.0938734233620426
0.29263186838115884,1.2956531540654272,15.313328962163096,2.95779518684101,298744.5376888733,1.1461079190187284
0.433636236376432,1.3997125986580552,13.17452937684434,3.0075920420539695,380863.55566703464,1.2486639368138468
0.3357944811827592,2.8952764622787117,13.633492516315826,2.264524062308315,305203.43641502014,1.2257182815018826
0.14592896726318233,1.6729614277907745,8.503079626240165,2.3054710407354286,82723.04189425557,0.8572078598125139
0.280399488683667,1.062272217355998,8.336922722561054,3.7563326677860007,155844.59124009096,1.1002345337864496
0.43247106582097744,1.5937200683856239,14.325371506237595,1.8902946185761764,413020.5789056022,1.417258596245714
0.05487579973261456,1.3600259099074166,18.02029165738722,1.9723661338431884,65925.19440760573,0.9386024389426427
0.10109844890096545,2.4468524303457464,8.262487007398043,2.038685643339201,55688.3080341548,0.8880766988071376
0.37204937150032025,1.58949344312921,10.000212849135078,2.9317921933701783,248038.19369267553,1.1299642884824261
0.20524981131561798,1.0769756274091487,7.314508094257963,3.535005856945226,100086.7604142005,1.0189772674859139
0.30232487551076176,1.0005601178251935,12.202011996246394,2.5439806968633523,245931.45051640083,1.2312467654477555
0.21874504746257867,2.093453318880335,17.28775030932101,2.1262541292134225,252107.3174622422,0.9794748061328248
0.36362431244395177,1.372668651781354,14.560903937700962,2.5278009547875975,352979.9121939295,1.242816987817321
0.2593998050661695,1.9306772920122146,10.846183221143246,2.0690564389498554,187566.52088510108,1.093700555054764
0.3710577825493495,1.4427165997037312,12.513581514763853,3.99719611312719,309550.7872412537,1.1548800495236022
0.4343129410086392,2.1360598132131168,12.952816795677043,3.8810077582758598,375038.3971251063,1.1612891491554518
0.18800971442511544,2.626899875837479,17.0280515966237,3.354725325054012,213429.2745264902,0.9110098981418466
0.30870141698676484,1.8119153759543067,19.7205091562799,3.159114992944393,405849.94134960504,1.0988056701474904
0.07807752297480901,1.160427790060987,14.719669499978473,2.8091069791215144,76618.35557107763,0.899366448138322
0.3032764454318371,2.4319131061771837,10.524536236605918,2.5542230144037137,212789.59597709382,1.1469596116272958
0.35163453120897076,1.414214870645678,13.873163966403416,3.9562032944998884,325218.90051409666,1.1477857984090323
0.13130601238018658,2.1571007327110125,10.472017195742602,2.2852342581004375,91669.25463664698,0.7539192785413747
0.3950540902983241,2.978221247887957,8.856714454363043,1.7546410142881999,233258.75145336066,1.5069119467128023
0.22918648623008409,2.2978020255487994,14.415498812652553,3.978986047736954,220255.83467505252,0.9761034998442066
0.3582553427567044,2.84279891235143,9.665683012700725,2.4382016685316668,230852.17204618358,1.209014880444639
0.3631834059774123,2.6102432859471763,15.180679717956505,3.0219479794541284,367558.0643346444,1.1432725366974181
0.3346010164077002,2.276757921137361,18.17864882537242,2.1644860115192763,405506.2915925504,1.2314269542159757
0.3872980256965928,2.2718161470026397,15.999433625193047,3.5664429532614514,413103.2703533965,1.120512114116279
0.40957247980039607,1.0415863761700495,9.072633018835717,2.599787240911766,247726.72025623318,1.2848584949294963
0.10601328263290094,1.6201191937097206,9.922822933435466,2.975146449194019,70130.06881056835,0.6386270545577776
0.45479876871121155,2.582180422393069,13.747582090428363,2.3691166650933644,416825.5604988749,1.3253706670608016
0.22410470884487216,2.2836873754404587,14.81450632406585,2.611930858720955,221333.3750956863,0.9705862624477885
0.11874673693023055,1.7743309855605653,19.442844740704366,3.1342321011045695,153918.2913066492,0.6719346131059314
0.3001839251367423,2.112300150109172,11.391442136297574,3.5599397406849205,227968.5208961255,1.0761384203035
0.46145802601158487,1.7482972533250531,14.383959550428418,3.570352135422164,442506.2386914121,1.2180330884635735
0.29503420697609045,1.9836999307705938,5.608106576988686,2.8157551078868757,110305.55177195028,1.1039668492394539
0.07928246994250096,2.088229726398743,15.327975609627174,3.6939237812591044,81015.98436997696,0.8893035288851433
0.3760401879728964,1.6345240457867987,16.21475577841301,2.3639021020389896,406493.32072326913,1.2150336174831893
0.2645432054492573,1.3202933180476748,12.642263179725564,1.5565353670470707,222961.65504651473,1.187505561299574
0.11269423764702588,1.9717150220905335,6.605740831463492,1.7662311466017802,49628.59513970727,0.8754009167897536
0.3735747781901919,1.2779606785357718,10.030633571812338,3.5201527070813716,249812.78077979243,1.147928176285761
0.17241141864203857,2.459397606851028,11.20734793127898,3.2966290240377756,128818.31706978167,0.9103198840066774
0.443426394979923,1.4784871979079612,15.384448334517424,3.068791502010094,454791.3642486627,1.209562808406406
0.3755433898396263,1.4706598124899795,11.00462901798059,3.602399640438693,275514.3790226633,1.1098642609008622
